period_end,net_flow_kes_Absa,net_flow_kes_Co-op,net_flow_kes_Equity,net_flow_kes_KCB,net_flow_kes_NCBA,flow_ratio_Absa,flow_ratio_Co-op,flow_ratio_Equity,flow_ratio_KCB,flow_ratio_NCBA,sector_net_flow_kes,sector_turnover_kes,sector_flow_ratio,n_trading_days
2017-09-08,463090.0,-107514455.0,-333451262.5,-95437775.0,0.0,0.011588105157506294,-0.3350981697840372,-0.422745112792774,-0.341132366751222,0.0,-535940402.5,1526659405.0,-0.3510543352005879,5
2017-09-15,1666782.5,-12962470.0,-219842950.0,-82216825.0,86725.0,0.06178632486870083,-0.2524131188139779,-0.30866516253388177,-0.08022894822393406,0.0008591673828458774,-313268737.5,1916286695.0,-0.16347696736473974,5
2017-09-22,76000.0,-5114077.5,-33142575.0,-6016782.5,582025.0,0.012065158204386955,-0.13119730477513497,-0.31757716266755587,-0.017546996123889713,0.021764147724351333,-43615410.0,519277555.0,-0.08399248066864742,5
2017-09-29,383000.0,-8242395.0,-18797962.5,26892862.5,0.0,0.05082767493910301,-0.1807688845030569,-0.23116436461031056,0.13442756336486514,0.0,235505.0,340416180.0,0.0006918149425212398,5
2017-10-06,-6142490.0,-2507682.5,-57201362.5,-20069087.5,-11950412.5,-0.41286931026683465,-0.20629938587723304,-0.3039694703949689,-0.1159869102791499,-0.4520737932978118,-97871035.0,414677940.0,-0.23601697982776706,5
2017-10-13,-1777902.5,-412500.0,-45348550.0,31315450.0,-260950.0,-0.22890731320435026,-0.006301759405395009,-0.15499456476322584,0.09313424037909834,-0.0400766362962707,-16484452.5,708557570.0,-0.023264803310195387,5
2017-10-20,-843972.5,0.0,48774962.5,21699487.5,1320112.5,-0.3081805617175419,0.0,0.19252625528251102,0.22243508099339598,0.21105590906184052,70950590.0,362915460.0,0.19550170169107703,2
2017-10-27,-4805935.0,-1264807.5,69612075.0,45547512.5,0.0,-0.30904724577047754,-0.09371853189990079,0.18995983974100084,0.13164487037474593,0.0,109088845.0,743867145.0,0.1466509789190918,3
2017-11-03,-7949690.0,14465342.5,92705875.0,8059387.5,3218600.0,-0.3224697358464238,0.10701459037075702,0.23633919510444312,0.010694579473034309,0.06342868854397402,110499515.0,1356421075.0,0.08146402104523479,5
2017-11-10,-8133140.0,-1463900.0,71093237.5,-41444050.0,-133012.5,-0.3329314182499194,-0.01365606192626221,0.2741620847324337,-0.21304336427574905,-0.001508130383193523,19919135.0,673668015.0,0.029568176841526312,5
2017-11-17,-1988045.0,-3261982.5,69253000.0,103487600.0,0.0,-0.18634605497552859,-0.013351833212032383,0.2752857381929397,0.18408939100024105,0.0,167490572.5,1086351600.0,0.15417713059013308,5
2017-11-24,-33182397.5,-5697070.0,58889137.5,4170187.5,2713775.0,-0.43476309350766623,-0.03394897800053405,0.1505647988457808,0.038933298914234596,0.06037772580254913,26893632.5,787314900.0,0.03415867335928737,4
2017-12-01,-30071150.0,-43418065.0,58852737.5,106888125.0,0.0,-0.38142260115826526,-0.40321375311780216,0.16064217167195474,0.24784106220388805,0.0,92251647.5,1002099475.0,0.09205837324682761,4
2017-12-08,-6710365.0,-11961430.0,-39337450.0,-37875937.5,0.0,-0.36843597825961627,-0.2892699949698189,-0.10252877260099309,-0.14991811111417866,0.0,-95885182.5,720634335.0,-0.13305663891243816,4
2017-12-15,0.0,-20131982.5,4000287.5,7587125.0,2759900.0,0.0,-0.1034863311771092,0.009977383520704482,0.0238822909214558,0.08685308237337794,-5784670.0,949733905.0,-0.006090832357932931,4
2017-12-22,48750.0,-80000.0,1037687.5,-29683800.0,0.0,0.007590732610799394,-0.001247453538008233,0.00794471249548286,-0.11820259094545886,0.0,-28677362.5,486456050.0,-0.05895160004691071,5
2017-12-29,-2667927.5,-158420.0,-6187925.0,7600800.0,102000.0,-0.37499543190302703,-0.007633742278076,-0.21515584036272348,0.10518333185723143,0.009275994952767453,-1311472.5,139885885.0,-0.009375302590393592,3
2018-01-05,-8291490.0,2133715.0,-47740812.5,-44929925.0,-477800.0,-0.4197775376345964,0.04804476280415339,-0.28793492383409525,-0.3023130044936585,-0.04044396948503349,-99306312.5,390401685.0,-0.2543695796292478,4
2018-01-12,-8023547.5,303332.5,1020300.0,-45271500.0,2415675.0,-0.39313087062281,0.01310953849039504,0.003549708222368711,-0.20078428346235636,0.03133166126514062,-49555740.0,633553185.0,-0.07821875285813613,5
2018-01-19,-44766890.0,-961185.0,46181662.5,81501662.5,1352500.0,-0.394332596804169,-0.019827220773112778,0.15475361408977917,0.06830670013040027,0.0206793609656994,83307750.0,1719000015.0,0.048462914062278234,5
2018-01-26,2293200.0,-107673325.0,-33305687.5,-5820937.5,98550.0,0.10702924308501105,-0.45285061013500266,-0.049298796271249536,-0.019240313467438534,0.0010934239508663761,-144408200.0,1327450365.0,-0.10878613905838957,5
2018-02-02,62755995.0,1045367.5,-90033737.5,-80868312.5,367500.0,0.2837257118670585,0.05217233876741388,-0.17922620511580692,-0.30118470816047144,0.0069468073040716794,-106733187.5,1064971925.0,-0.10022159739093592,5
2018-02-09,-12155790.0,-41219095.0,-228352812.5,-300163537.5,-4188875.0,-0.2300721363180138,-0.15867855740008138,-0.25760596643492567,-0.3408855168063801,-0.13475897722958932,-586080110.0,2110666485.0,-0.27767537607913456,5
2018-02-16,-1355945.0,-8426772.5,-132961362.5,-154886625.0,36000.0,-0.07668793108665155,-0.0862359131158162,-0.2530137484903368,-0.36615820889912204,0.00019134905602461174,-297594705.0,1252051930.0,-0.23768559264151287,5
2018-02-23,1300585.0,-13889340.0,-61240750.0,-167108812.5,1242500.0,0.038498864424327144,-0.07635760123264287,-0.09024092920494979,-0.3733326165695312,0.02482392246944585,-239695817.5,1391983365.0,-0.17219732902483356,5
2018-03-02,1723345.0,-1928172.5,77417325.0,72550700.0,2868400.0,0.02412358827220798,-0.01264400905133005,0.12023574443942885,0.25019956714685493,0.018973955131001585,152631597.5,1308961520.0,0.11660510654278057,5
2018-03-09,-3275130.0,3415272.5,103611400.0,-63403862.5,2356337.5,-0.06770248389003237,0.023099089826443972,0.13250269931757108,-0.09775078206461049,0.021015619878678043,42704017.5,1738936175.0,0.024557553125835685,5
2018-03-16,3598935.0,1779387.5,-31829900.0,-70847500.0,122575.0,0.04337066403023541,0.01360472350388086,-0.037639943306948434,-0.060510647602079554,0.0008580453785777412,-97176502.5,2373095050.0,-0.040949266865648724,5
2018-03-23,22734400.0,-20574702.5,240960425.0,-203114025.0,282350.0,0.19302174236966654,-0.12706136893482775,0.10143655862937291,-0.15625465303419084,0.0025497395626386168,40288447.5,4065815785.0,0.009909068592983487,5
2018-03-30,15294445.0,-19547077.5,304853475.0,-14857750.0,-3158000.0,0.14998441017532338,-0.19587767168739623,0.31475123681836126,-0.026733998803625328,-0.03462780048772785,282585092.5,1817280285.0,0.15549890395690943,4
2018-04-06,6883205.0,13815387.5,67643400.0,-21843525.0,921875.0,0.10193537418668308,0.13819328081402413,0.12154283360968383,-0.09924106917721803,0.013311981216298124,67420342.5,1013393495.0,0.06652928288236151,4
2018-04-13,35712285.0,5646287.5,163877150.0,32850250.0,-295887.5,0.14173779098938713,0.12363716725892773,0.14921156324138168,0.14410529388811769,-0.006185220586429253,237790085.0,1671713500.0,0.142243323990624,5
2018-04-20,19799112.5,-463852.5,22168287.5,53507675.0,-1480800.0,0.2675957317648817,-0.005213751415831892,0.04782483217407944,0.16296824950606384,-0.025999712928615356,93530422.5,1011773300.0,0.09244207422749741,5
2018-04-27,14140375.0,6776195.0,-78984162.5,-54828275.0,9172212.5,0.16791851109393574,0.10969565269827594,-0.18887862336309985,-0.08214445421154705,0.1410030941714204,-103723655.0,1296668005.0,-0.0799924534268122,5
2018-05-04,24487165.0,2618667.5,-62006987.5,-118545350.0,-1804687.5,0.2570227878287877,0.08753477266482461,-0.154724266265427,-0.3215195248050652,-0.07211711369703169,-155251192.5,919673915.0,-0.16881112964914308,4
2018-05-11,46829665.0,0.0,-38812500.0,-45738375.0,770137.5,0.2742946848010547,0.0,-0.07640579276485127,-0.15296138273441395,0.00994549036395933,-36951072.5,1117578285.0,-0.033063520467382736,5
2018-05-18,10981280.0,-6305045.0,-109566137.5,-72702837.5,664687.5,0.26458008469430827,-0.07523960001935572,-0.17791217645314206,-0.20104181637924962,0.04338344355624305,-176928052.5,1118099715.0,-0.15823995849958694,5
2018-05-25,91150300.0,-50345392.5,-59028100.0,-181806687.5,344137.5,0.4161912711074259,-0.2626516492342091,-0.17049319915166578,-0.29854617629660934,0.038302294715226594,-199685742.5,1374869710.0,-0.1452397569366773,5
2018-06-01,-886250.0,-12938472.5,-123906775.0,-77008512.5,263750.0,-0.044543715290142304,-0.03719535128559177,-0.14771157333788565,-0.17472965276887523,0.013179246496881328,-214476260.0,1667332780.0,-0.1286343449686151,4
2018-06-08,-1268670.0,-6408952.5,-236947000.0,-157310250.0,-1070875.0,-0.054681046623515306,-0.04674873590014413,-0.2940900676663952,-0.2919020278817857,-0.18785880000175426,-403005747.5,1510605200.0,-0.26678429777681156,5
2018-06-15,-305137.5,-12232.5,-103855637.5,-80859600.0,353600.0,-0.0630360817075287,-0.0004237913501872893,-0.17893092465353827,-0.44654815354793814,0.037176245472562014,-184679007.5,804716645.0,-0.2294956972090468,4
2018-06-22,568447.5,246750.0,-101710350.0,-11272075.0,286687.5,0.022681282981421774,0.010905221800278652,-0.1104716613765774,-0.04540136511313764,0.02033165372981905,-111880540.0,1230757630.0,-0.09090379557508817,5
2018-06-29,-1425505.0,-11977850.0,-65238000.0,-169699987.5,260150.0,-0.07877718127889373,-0.24568633351116997,-0.17088960602962278,-0.34416888228358605,0.01581711367315453,-248081192.5,958122465.0,-0.2589243041076174,5
2018-07-06,-747647.5,-4720475.0,-35783500.0,-168907312.5,-1793462.5,-0.007809211443005884,-0.21930976873277958,-0.14286803686257663,-0.3344908893795027,-0.13890857479223304,-211952397.5,885608265.0,-0.23932974191472794,5
2018-07-13,-1721817.5,-4073912.5,-37134500.0,-79159700.0,-3725750.0,-0.06592981712492171,-0.13786198007083428,-0.14808607092873968,-0.20360075838740696,-0.12597239139604255,-125815680.0,724804100.0,-0.1735857730385355,5
2018-07-20,1660985.0,-8803542.5,25755787.5,-189594162.5,-3318512.5,0.17890390479339696,-0.17116407241954176,0.13506574125908047,-0.41843338000576136,-0.11652152005849754,-174299445.0,732992935.0,-0.23779143928583704,5
2018-07-27,21727100.0,1021317.5,9539800.0,-128537425.0,233775.0,0.37031002307204725,0.06710126578951864,0.02558359611933764,-0.44301366652506996,0.011863890686255853,-96015432.5,756628645.0,-0.12689901860641292,5
2018-08-03,2962615.0,-1894245.0,-86312850.0,-66292000.0,35875.0,0.164937327640224,-0.1401097285632659,-0.35014669591153036,-0.23924069625278777,0.012050013855416628,-151500605.0,558057115.0,-0.2714786729311748,5
2018-08-10,-533300.0,0.0,21786075.0,10577212.5,-119775.0,-0.028479964027557154,0.0,0.10630140829607763,0.02190374443066241,-0.00866708515668954,31710212.5,730689515.0,0.043397656390347955,5
2018-08-17,121030.0,-438515.0,5473937.5,-52354987.5,-8750.0,0.01187466794737392,-0.016275698300073527,0.007979088398420228,-0.13554361208343566,-0.0029353550940990976,-47207285.0,1112410915.0,-0.04243691280213661,5
2018-08-24,-14419145.0,-2718137.5,-8839600.0,-40434325.0,3300.0,-0.3802006798138119,-0.028671869219009036,-0.020021019624488105,-0.2505919780409962,0.00026547284333482157,-66407907.5,748028485.0,-0.08877724422486398,4
2018-08-31,-2716595.0,-4028005.0,-83458550.0,-50442650.0,0.0,-0.0747377495521463,-0.1807007123493172,-0.1910272948207666,-0.2996222546340557,0.0,-140645800.0,669581095.0,-0.2100504345929898,5
2018-09-07,-4708155.0,1444455.0,-150332262.5,-136995212.5,-215512.5,-0.1259963398572472,0.13486263329712297,-0.20077104308923396,-0.31224465770892046,-0.025752823086574655,-290806687.5,1243964260.0,-0.23377414999045068,5
2018-09-14,424730.0,-38902097.5,-8544412.5,-129045975.0,0.0,0.0036611047721763277,-0.4182871687652028,-0.036385647525946516,-0.22624491289189597,0.0,-176067755.0,1025475655.0,-0.17169374440195756,5
2018-09-21,1411882.5,-20863015.0,-87676937.5,-74149700.0,132950.0,0.013140041079075149,-0.41227014098648546,-0.2250235765856946,-0.1892772413553684,0.006476559312641956,-181144820.0,959968195.0,-0.18869877246297728,5
2018-09-28,115820.0,-8646760.0,-200892262.5,-174199837.5,515750.0,0.016645264859046282,-0.18310145027276986,-0.1764902679966059,-0.3211164641836832,0.008686937591322327,-383107290.0,1794297110.0,-0.21351385334394257,5
2018-10-05,-563187.5,-370622.5,-98577575.0,-113269337.5,-154262.5,-0.05612125928856355,-0.014661256914819551,-0.16877163440250773,-0.33197134748418206,-0.008059196992870082,-212934985.0,979746080.0,-0.21733690937553943,5
2018-10-12,-2160032.5,645577.5,-46156837.5,-87126400.0,0.0,-0.07969671796512251,0.09177787444929224,-0.39695134497336454,-0.3978191414253431,0.0,-134797692.5,399302585.0,-0.3375828195552503,4
2018-10-19,121940.0,-3883650.0,-57876187.5,-53811725.0,-120000.0,0.01366744639332521,-0.20169252102018664,-0.16280433324906127,-0.21737585740988669,-0.01672497177661013,-115569622.5,638399030.0,-0.18103038549416342,5
2018-10-26,-3517145.0,-4572712.5,-2748275.0,-66310637.5,-13887.5,-0.26537700920292845,-0.12438745933453557,-0.006844146328298006,-0.20046950861937288,-0.0006422470205750279,-77162657.5,803966385.0,-0.0959774673912517,5
2018-11-02,137810.0,-447990.0,-57277112.5,-117984250.0,-2360300.0,0.02474851461322477,-0.02787190458636828,-0.11415651511698394,-0.18385354079456057,-0.051263061188587165,-177931842.5,1211155990.0,-0.1469107563097632,5
2018-11-09,-7380150.0,-1354102.5,12521600.0,-18024800.0,3600.0,-0.35000320118372663,-0.059183370644298156,0.07985906548451661,-0.15400481030070787,0.0002796051354143204,-14233852.5,330677755.0,-0.04304448147714079,5
2018-11-16,-105682.5,811885.0,-3594750.0,-42844187.5,23000.0,-0.0054683036459797175,0.03437596981911072,-0.027510134994694728,-0.10054120683650931,0.0009859436584639726,-45709735.0,623077712.8,-0.07336121010425588,5
2018-11-23,-151880.0,-2762502.5,-7167650.0,-43360600.0,0.0,-0.011319574897344618,-0.058440256870346735,-0.032891900455842144,-0.21252938995473838,0.0,-53442632.5,550738585.0,-0.09703811201098249,5
2018-11-30,-208597.5,-1946250.0,-10302212.5,-21946680.0,143325.0,-0.025384020044611186,-0.12146582808177607,-0.022763362635236845,-0.05325985354722118,0.0346357118173448,-34260415.0,893025415.0,-0.038364434454533414,5
2018-12-07,-2220265.0,1187175.0,15863847.5,-36697115.0,-102507.5,-0.10286998484702117,0.05970094086781912,0.1219535346723751,-0.16550155909538755,-0.0015648908160148215,-21968865.0,458786975.0,-0.047884674581269444,5
2018-12-14,1077.5,-7166340.0,-70549435.0,-46969300.0,-184575.0,5.6233092561757895e-05,-0.2054654779325752,-0.3330837506493828,-0.24757903809761586,-0.0013282362260662016,-124868572.5,594523615.0,-0.21003130800784087,4
2018-12-21,0.0,-837615.0,-43438332.5,-21092715.0,0.0,0.0,-0.04802546404863007,-0.22422342109732257,-0.1536226909308293,0.0,-65368662.5,360701230.0,-0.18122661378227073,5
2018-12-28,5.54,-184628.16,-30184292.11,-4644481.14,14.09,3.6079335462925878e-06,-0.03278434617546184,-0.2928106637577312,-0.09984117439235989,9.240919763369492e-06,-35013381.779999994,158295210.0,-0.2211904060773538,3
2019-01-04,-90842.5,-92652.5,-55676637.5,-15086462.5,-1605927.5,-0.03760535335806067,-0.03986717038936675,-0.23977870766544493,-0.22098580876920274,-0.3053956297547882,-72552522.5,310467235.0,-0.23368817807779296,3
2019-01-11,760045.0,-57200.0,-39703052.5,-45206542.5,0.0,0.14493901956465566,-0.01565011593945156,-0.16626587944778595,-0.24412741844563401,0.0,-84206750.0,438406870.0,-0.19207443076793027,5
2019-01-18,-2057155.0,-2044902.5,10061217.5,-33334452.5,-30500.0,-0.1516294329103213,-0.05159947711719027,0.05467931892269234,-0.07856668282611227,-0.004226733047162719,-27405792.5,668699630.0,-0.04098371117687025,5
2019-01-25,-4653372.5,-29465.0,26040775.0,-51490347.5,0.0,-0.25224573153130936,-0.0007693925637222985,0.060275349694255215,-0.09082551617085453,0.0,-30132410.0,1064309665.0,-0.028311694416492967,5
2019-02-01,-82414120.0,-17868545.0,-44625005.0,-52835372.5,-34700.0,-0.464513107959827,-0.23553461451133956,-0.062056785533268155,-0.06145670140707054,-0.001276928894012142,-197777742.5,1859275340.0,-0.10637356299255817,5
2019-02-08,-32049930.0,-387630.0,-13655557.5,-56285970.0,53550.0,-0.12136384327300331,-0.028423706293501185,-0.016398524608539185,-0.24671014610590625,0.0005503830172459512,-102325537.5,1435891820.0,-0.07126270661532148,4
2019-02-15,-5659430.0,996092.5,-21946415.0,59195417.5,-25950.0,-0.22606455272358328,0.028712674647145782,-0.09122621093220255,0.184406820913938,-0.00046406998497271646,32559715.0,677220465.0,0.04807845699110702,5
2019-02-22,-2331875.0,-3359842.5,58332272.5,43413840.0,-666012.5,-0.12169422894719195,-0.04674581363615652,0.15677663798193298,0.1918562777557417,-0.017954713455160698,95388382.5,726486115.0,0.13130104007562485,5
2019-03-01,13031372.5,-589320.0,-15624670.0,-28927747.5,3600.0,0.2848280660080174,-0.013016242252473399,-0.0641401206138879,-0.08997104855799594,0.00018671695576675317,-32106765.0,675432950.0,-0.04753508841995345,5
2019-03-08,-16286735.0,-136437.5,-25190585.0,-4687967.5,-74825.0,-0.2228758624743099,-0.01235167242663118,-0.30998835201824004,-0.07922417733157162,-0.010324862323670117,-46376550.0,231804960.0,-0.20006711676920114,4
2019-03-15,106340.0,990387.5,84539507.5,40451357.5,12792.5,0.0018936404115044087,0.021131268997365813,0.1045181225948344,0.07873362872343068,0.0015356755712040873,126100385.0,1433980005.0,0.0879373384289274,5
2019-03-22,-16480310.0,546950.0,35081215.0,13216615.0,185750.0,-0.19383282139535365,0.01007260118042525,0.06670815245220887,0.023014539389067987,0.0018402946254727985,32550220.0,1340422395.0,0.024283554289616295,5
2019-03-29,-23800.0,-1457965.0,185872982.5,29344207.5,54750.0,-0.0014824097754336048,-0.027432495718979134,0.23511243669936074,0.09150091623437852,0.00145615962169106,213790175.0,1218070330.0,0.17551546058920917,5
2019-04-05,-319515.0,-2896842.5,44468320.0,-12376035.0,-2109077.5,-0.01394552552958866,-0.22364967161007954,0.047035967114344455,-0.040270551219344815,-0.30950462735706114,26766850.0,1295411805.0,0.020662811545090094,5
2019-04-12,-1046665.0,-4911027.5,-2399990.0,-9326845.0,-286847.5,-0.04110290796991891,-0.2525125137220321,-0.009103472797790108,-0.03115332272225578,-0.02613400570789516,-17971375.0,618908970.0,-0.02903718619557251,5
2019-04-19,1359600.0,-7786890.0,19142450.0,2712212.5,92000.0,0.10829759855093417,-0.3593739688101263,0.11528875293168757,0.009902602464371862,0.00754647335664264,15519372.5,486341390.0,0.03191044977685325,4
2019-04-26,-11400000.0,-12649712.5,86686317.5,24969087.5,0.0,-0.38222403424727347,-0.28104092593203567,0.29370144902709844,0.05739935929215567,0.0,87605692.5,817652195.0,0.1071429796626425,3
2019-05-03,0.0,-13843867.5,34432275.0,8861755.0,0.0,0.0,-0.17224267862075143,0.041939309740772084,0.036660920260873114,0.0,29450162.5,1174928250.0,0.02506549868045134,3
2019-05-10,2343145.0,-10968907.5,-21891837.5,-7804932.5,0.0,0.11131100141160978,-0.1827942407579934,-0.044210270510621916,-0.031537792421101905,0.0,-38322532.5,844467715.0,-0.04538069581499631,5
2019-05-17,107000.0,-1568772.5,28083320.0,-42491715.0,0.0,0.0013456364750486615,-0.060687899809051045,0.027147627605881065,-0.15348095770636103,0.0,-15870167.5,1434467325.0,-0.011063456952566,5
2019-05-24,-1676430.0,-13420230.0,-38256195.0,16287125.0,0.0,-0.045095841069863814,-0.1238931394749735,-0.12569005396766186,0.05358353023300909,0.0,-37065730.0,760388345.0,-0.04874578923221134,5
2019-05-31,-209065.0,-13555965.0,69706812.5,80886882.5,0.0,-0.005933777774182667,-0.06300918095313439,0.1405057112610046,0.13810056126408765,0.0,136828665.0,1355341420.0,0.1009551268639012,5
2019-06-07,-6053967.5,3050.0,7456787.5,-13639802.5,14377.5,-0.43170591783994705,0.00038790203502310245,0.035403851376502225,-0.31197609871670523,0.007234144255201388,-12219555.0,278215085.0,-0.04392125250864812,2
2019-06-14,-12226895.0,-6779697.5,-50069750.0,-36819330.0,739332.5,-0.23152174736323872,-0.3621212546085057,-0.08327268439411876,-0.08243206786687135,0.020097645854434527,-105156340.0,1156257495.0,-0.090945434260731,5
2019-06-21,-4621787.5,-4477145.0,6830895.0,-12716247.5,31000.0,-0.11059373764676718,-0.25193829202962165,0.014783305515468578,-0.07790733251428891,0.0030456593459495676,-14953285.0,695030805.0,-0.021514564379632065,5
2019-06-28,-7681977.5,-1683262.5,-112532052.5,-84053025.0,-167400.0,-0.17643174365922162,-0.05491562565911719,-0.25402511744073764,-0.17168127828400884,-0.021229214645875395,-206117717.5,1014661315.0,-0.20313942638091018,5
2019-07-05,-2172960.0,-8518030.0,-75851765.0,-9535467.5,90450.0,-0.019667304183854754,-0.36066381724342117,-0.2987289173575539,-0.08273270110196984,0.018917745975142352,-95987772.5,508056150.0,-0.18893142519778572,5
2019-07-12,-1833175.0,6075.0,-193988165.0,9290180.0,0.0,-0.18118137162849998,0.00018417817047561776,-0.22761819175260467,0.09476333087164254,0.0,-186525085.0,1005239480.0,-0.18555288437338335,5
2019-07-19,-778547.5,-442742.5,-138874250.0,-123375547.5,0.0,-0.03787363576882195,-0.002993324148692473,-0.30141106828440334,-0.20245454306470856,0.0,-263471087.5,1259580655.0,-0.20917365351248587,5
2019-07-26,-80462700.0,-589942.5,-11046885.0,-21401875.0,0.0,-0.46987534939455794,-0.051069313873162624,-0.03260268077278277,-0.061348635897144836,0.0,-113501402.5,878278530.0,-0.12923167152907633,5
2019-08-02,-2207410.0,24753252.5,48522735.0,23397260.0,0.0,-0.850259614199433,2.898697397019008,13.13299383985796,0.08222394299681242,0.0,94465837.5,303955035.0,0.31078885566083814,5
2019-08-09,-95750.0,26015000.0,20954045.0,-14943655.0,-16140.0,-0.010673114007807257,0.43960066044021573,0.18948307871994932,-0.17971387144954237,-0.003130099866476223,31913500.0,267044030.0,0.11950650984408825,5
2019-08-16,-7138537.5,0.0,-360360102.5,-14233720.0,-875922.5,-0.20432758017135547,0.0,-0.4300854760029266,-0.17716570005072735,-0.13656873437447622,-382608282.5,967357280.0,-0.39551910179453037,4
2019-08-23,339105.0,13231152.5,27280077.5,-9088005.0,-46282.5,0.01894341861377112,0.35067775892169223,0.24599388642003986,-0.04091981276764545,-0.008279605863390304,31716047.5,394211515.0,0.08045439134369274,5
2019-08-30,922329.59,-4587508.16,55184362.6,40316674.96,-14.0,0.05661092851097104,-0.3051468899683845,0.19136599970357607,0.1743765786366446,-3.401868840946837e-06,91835844.99000001,555017010.0,0.16546491969678553,5
2019-09-06,3773982.5,-6956007.5,-127097962.5,-35248450.0,0.0,0.04176765543804336,-0.10359917379896912,-0.28524400468534816,-0.08544987123471463,0.0,-165528437.5,1021650950.0,-0.16202053891302112,5
2019-09-13,-130211652.5,-9220742.5,-14595632.5,-16590222.5,-7250.0,-0.5000308939212763,-0.07497492567143706,-0.138493190121418,-0.23730791583649347,-0.0016183415013075082,-170625500.0,563170380.0,-0.30297314287019145,5
2019-09-20,-9810375.0,-12805.0,19234375.0,63108392.5,-123250.0,-0.05842964276791067,-0.0001351496189662041,0.04482544083384974,0.09609340806487705,-0.023634700534441465,72396337.5,1353697420.0,0.05348044284519653,5
2019-09-27,106287.5,3529707.5,-46015470.0,38751765.0,0.0,0.004468715313982039,0.07231292703758556,-0.11975921967079291,0.12257915029947095,0.0,-3627710.0,862711985.0,-0.004205007074290269,5
2019-10-04,-540457.5,-18000.0,-131086280.0,69472767.5,0.0,-0.034949839318330775,-0.0019777090218690667,-0.2947314157058282,0.11501668420489478,0.0,-62171970.0,1077014310.0,-0.057726224640413555,5
2019-10-11,-35157.5,1756832.5,-158854485.0,37903172.5,-187325.0,-0.005956510652933188,0.05361820836764905,-0.3156062778902468,0.19507324567403383,-0.01149657726350468,-119416962.5,752595395.0,-0.15867352271003465,4
2019-10-18,-4503940.0,-851222.5,-47249882.5,-9913477.5,0.0,-0.31026392073009434,-0.052040273901165834,-0.020655722187198723,-0.03650045467810344,0.0,-62518522.5,2614112005.0,-0.023915778046396295,5
2019-10-25,-98900.0,-6610037.5,-244828650.0,-38155802.5,0.0,-0.008487128570129083,-0.2108744396585895,-0.15631642311421037,-0.0930540178979926,0.0,-289693390.0,2028496105.0,-0.1428119035012887,4
2019-11-01,-374305.0,-11088357.5,-221461145.0,70431292.5,-8805950.0,-0.007237647484675555,-0.05869667359714682,-0.07594954175306186,0.04444916117774093,-0.09557148048780369,-171298465.0,4833200085.0,-0.03544203881226241,5
2019-11-08,-632087.5,43499242.5,-154081532.5,231231950.0,317650.0,-0.01066526428856885,0.12272865335248254,-0.12047842038160582,0.24685520748935066,0.007424494075597313,120335222.5,2672109135.0,0.04503379780556755,5
2019-11-15,59000.0,19934630.0,-13269965.0,91755120.0,342650.0,0.024054044137132514,0.26384301532303206,-0.029374483337280377,0.2199645067816907,0.02459371738721629,98821435.0,960827580.0,0.10285033137787322,5
2019-11-22,-5274715.0,348132.5,63356990.0,4288457.5,257617.5,-0.20957647372007415,0.008012741394098353,0.11828684543074024,0.018058962539061817,0.020720153363759968,62976482.5,854140365.0,0.07373083521231315,5
2019-11-29,0.0,-7679455.0,163528630.0,-54258137.5,-1796472.5,0.0,-0.13664960501368817,0.19151547259298166,-0.1904350502230897,-0.08788727068054848,99794565.0,1226946725.0,0.0813356953212455,5
2019-12-06,-143957.5,2091782.5,73623975.0,-49848712.5,171000.0,-0.010331817433127485,0.04614618854509125,0.08315958291994162,-0.13603867391479066,0.0029970098254601066,25894087.5,1368083835.0,0.01892726661739995,5
2019-12-13,3591842.5,-193827.5,270167850.0,1992712.5,0.0,0.1876509841659927,-0.019608939112664585,0.2255183747038441,0.006436043490741201,0.0,275558577.5,1570842800.0,0.1754208489226293,4
2019-12-20,1315.0,172445.0,169671262.5,23508962.5,272325.0,4.6726124327379215e-05,0.005026760368157837,0.17107160763541138,0.05556235705164047,0.009088741258146116,193626310.0,1507334805.0,0.12845607316816385,5
2019-12-27,64680.0,-19200.0,-7688712.5,-82831362.5,0.0,0.018936699076879837,-0.0024206633878444874,-0.10758420765969713,-0.312039828405404,0.0,-90474595.0,400078440.0,-0.22614214102614477,3
2020-01-03,-73700.0,-1374582.5,10901487.5,4376700.0,-1508532.5,-0.009905647697642536,-0.054423941612891026,0.2032971131553048,0.03192229011633981,-0.06911850716404651,12321372.5,245250700.0,0.050239907572129254,4
2020-01-10,1448285.0,358457.5,7683412.5,-40545350.0,647862.5,0.028960165712332373,0.0154299385251741,0.007893447062179594,-0.1107661697712867,0.00479522575411029,-30407332.5,1547782388.0,-0.019645741375369622,5
2020-01-17,168225.0,216637.5,110335775.0,-72507587.5,489100.0,0.006619445528721448,0.005998720715956023,0.1801305784467567,-0.08255235356467452,0.005713729311168519,38702150.0,1637983195.0,0.023627928612539886,5
2020-01-24,6583475.0,-2589665.0,106768037.5,-108379050.0,323087.5,0.21723990920337144,-0.026136863457290573,0.19265891878592514,-0.28496226510964984,0.004638192622648405,2705885.0,1133553465.0,0.0023870819361837513,5
2020-01-31,-1987702.5,-5508755.0,-29123987.5,-88360800.0,-107085.0,-0.04599578895047261,-0.08085996021700907,-0.040740664450530616,-0.2726764388211696,-0.00820057542254961,-125088330.0,1163313065.0,-0.10752765851555188,5
2020-02-07,-141640.0,-6262460.0,125200800.0,-145189037.5,-2516855.0,-0.02570937192280291,-0.04939964747555343,0.1974006427383772,-0.24627054089767217,-0.08651831547350795,-28909192.5,1385169205.0,-0.020870513433050224,5
2020-02-14,-447867.5,-2627735.0,-238713640.0,-180691412.5,0.0,-0.002401577767165288,-0.04044231859740883,-0.3753429348756683,-0.33784605332602763,0.0,-422480655.0,1430657105.0,-0.2953053205575769,4
2020-02-21,-1509262.5,-28254995.0,-63720120.0,-104217162.5,-1781970.0,-0.018831852137402193,-0.33722346820344956,-0.28927396887609536,-0.731335678321433,-0.13992373164500704,-199483510.0,539445110.0,-0.3697938980297736,5
2020-02-28,-894597.5,-5101352.5,-37467472.5,-133889000.0,-8912.5,-0.06036100651888547,-0.1537907586310644,-0.07584533091761703,-0.25590482723461616,-0.00029900920176704793,-177361335.0,1094995115.0,-0.1619745445165753,5
2020-03-06,-8694187.5,-11365142.5,-93099200.0,-157227885.0,14737.5,-0.1383790817486957,-0.14469928231201726,-0.2503872429319861,-0.23739864568011057,0.0011409586142665698,-270371677.5,1188404370.0,-0.2275081481735043,5
2020-03-13,-4086772.5,-20000737.5,-100836230.0,-284387650.0,-1294200.0,-0.24019965246400551,-0.23101690063099362,-0.19155462697183717,-0.34188701709840524,-0.06904600265951416,-410605590.0,1480562455.0,-0.277330813444138,5
2020-03-20,-1711987.5,-3484455.0,-242801240.0,-206042085.0,42150.0,-0.1900179364034625,-0.19349757562648737,-0.384221201409094,-0.37513208757082667,0.003068097572053889,-453997617.5,1221938480.0,-0.3715388498936542,5
2020-03-27,-17594472.5,2279037.5,-400445502.5,-288555572.5,-639062.5,-0.346098985546477,0.015843942308420934,-0.3803649544179795,-0.4345363261663807,-0.048697173211249244,-704955572.5,1924649373.0,-0.3662774022060796,5
2020-04-03,-8159335.5,-7608057.5,-69432210.0,-193550592.5,-1294150.0,-0.3375296107073112,-0.34876900325157706,-0.23754909686403605,-0.39209069991358736,-0.16953082476880524,-280044345.5,839544453.0,-0.3335670249494222,5
2020-04-10,-8803057.0,-14153222.5,-180442850.0,-191317402.5,-451780.0,-0.43240697096629244,-0.1525142828355702,-0.31385854486264736,-0.37709413820175336,-0.24237839635826164,-395168312.0,1197285823.0,-0.33005344622710026,4
2020-04-17,-9365455.0,-12281555.0,-120089980.0,-244062205.0,-176390.0,-0.33513392718160157,-0.317597893361648,-0.2584539156780885,-0.4552694783521841,-0.039578478767432965,-385975585.0,1071802770.0,-0.3601181073641002,4
2020-04-24,-101775895.0,-17451655.0,-254225590.0,-188559660.0,-4292860.0,-0.4565387356421737,-0.2586774151638922,-0.3579800052948109,-0.36492613430596826,-0.08139596836962901,-566305660.0,1570008145.0,-0.3607023707510766,5
2020-05-01,-13678580.0,319270.0,-79468035.0,-25346465.0,0.0,-0.3380506760417917,0.0120811019696544,-0.20069326121430683,-0.12820364775325788,0.0,-118173810.0,671831235.0,-0.1758980586843361,4
2020-05-08,-14933815.0,-1092155.0,-208133322.5,-15565752.5,-10230960.0,-0.3292620439325761,-0.05358386942306409,-0.19683486354794355,-0.030795273275746153,-0.3378394732840447,-249956005.0,1658880910.0,-0.15067748594442504,5
2020-05-15,-63378402.5,1057060.0,-463468662.5,-184486572.5,-8715.0,-0.45828130417507107,0.03306534821512777,-0.4115829954661179,-0.3842235221932517,-0.00021426616849065403,-710285292.5,1817156345.0,-0.390877369718014,5
2020-05-22,-9577245.0,1681290.0,-182268562.5,-209802145.0,0.0,-0.27481551145669014,0.08210488224913923,-0.30104286981226824,-0.40218007165978154,0.0,-399966662.5,1204016490.0,-0.3321936749387876,5
2020-05-29,-10727272.5,615615.0,-142004897.5,-182783627.5,1347.5,-0.2568015552773031,0.06102563390864816,-0.3104573770561118,-0.39018173306692006,3.443677535824469e-05,-334898835.0,1016853234.0,-0.3293482518441791,4
2020-06-05,-18249532.5,-254635.0,-146317947.5,-102846012.5,-818975.0,-0.4062842699820787,-0.024995435475289724,-0.2510319075346203,-0.35630484386374495,-0.07099420933095234,-268487102.5,938153257.0,-0.28618682554976194,4
2020-06-12,-2558943.0,-7233755.0,-41209532.5,-61722050.0,0.0,-0.21057980107130642,-0.1684646895110877,-0.14547749859246895,-0.14538562598010435,0.0,-112724280.5,768771227.0,-0.14662916162964043,5
2020-06-19,-70113220.0,-437150.0,-63466467.5,-76000835.0,-1209375.0,-0.48292768880183107,-0.019411603934008096,-0.12276450075105803,-0.3063198779506039,-0.10655098588571127,-211227047.5,944140657.0,-0.2237241304396025,5
2020-06-26,-105704485.0,-5616005.0,-67843755.0,-21115755.0,0.0,-0.45734897686029186,-0.22514294419438607,-0.2778075880269427,-0.1120106624608958,0.0,-200280000.0,711125095.0,-0.2816382116285743,5
2020-07-03,0.0,-3684582.5,-67262100.0,-17984380.0,-492930.0,0.0,-0.11892522983654077,-0.24385898161672115,-0.10490791424647548,-0.021301080157019463,-89423992.5,509276927.0,-0.17559011170360758,5
2020-07-10,-4282845.0,64707.5,-74720455.0,-11021245.0,-43795.0,-0.23127493531573493,0.005359868926220471,-0.12256153223552473,-0.03836560248782922,-0.003913256956541358,-90003632.5,938708029.0,-0.09588032670379983,5
2020-07-17,-4594882.0,-1450440.0,-69272075.0,-105747927.5,-13675.0,-0.0677014583401233,-0.1829031159758389,-0.10561961472073159,-0.3382554301416317,-0.00226513228455362,-181078999.5,1050328209.0,-0.17240230048891317,5
2020-07-24,-9539093.0,-4198027.5,-113312797.5,-133792220.0,-42140.0,-0.26157201520969264,-0.33866476763941394,-0.24632305987989445,-0.41704848069957745,-0.007239094546285369,-260884278.0,835509679.0,-0.3122456681917146,5
2020-07-31,-794780.0,-855525.0,5991887.5,-43335905.0,-16647.5,-0.04327001966581507,-0.019525138765933175,0.02771629215009866,-0.3740531478416026,-0.002683124560804059,-39010970.0,400430439.0,-0.09742258879575336,4
2020-08-07,-14023720.0,-19515.0,10829387.5,-46931782.5,-139385.0,-0.21101523950467127,-0.0005800690762247624,0.051417088578897055,-0.3554579314133881,-0.01836845767420285,-50285015.0,450339493.0,-0.11166023806843874,5
2020-08-14,-11796247.0,-127712.5,-50298590.0,-51991642.5,0.0,-0.2946196426665247,-0.0083846132130409,-0.1352954757820967,-0.31065751971797323,0.0,-114214192.0,597349807.0,-0.19120152155669817,5
2020-08-21,-1139103.0,-13771995.0,-10414700.0,-104616007.5,-4380575.0,-0.13660710623713954,-0.11670903288582425,-0.053166705830276266,-0.18930497965377852,-0.048444981963248354,-134322380.5,965284789.0,-0.1391531100776519,5
2020-08-28,-7258456.0,-22950962.5,14486365.0,-45758935.0,-2869637.5,-0.17422759232594154,-0.3371380471726688,0.04317741564385475,-0.2361747400333527,-0.045373816000955025,-64351626.0,702239239.0,-0.09163775309912581,5
2020-09-04,-331080.0,-28742515.0,49123795.0,-20688750.0,-3605.0,-0.032785463170422025,-0.35977286474744097,0.12817360075677114,-0.10713297025024025,-0.00020126217343049,-642155.0,684273733.0,-0.0009384475379241249,5
2020-09-11,-5711774.0,-443215.0,-19541557.5,-8992387.5,0.0,-0.11799704648647827,-0.04752292968088232,-0.046613901740979916,-0.06706749427411329,0.0,-34688934.0,621356281.0,-0.05582776751555844,5
2020-09-18,0.0,-2736102.5,-44073270.0,4407455.0,-713422.5,0.0,-0.1404350191576781,-0.15542070147474732,0.04693943505004199,-0.03807674725741583,-43115340.0,423850428.0,-0.10172300687165993,5
2020-09-25,-13966.0,-11167522.5,-91710567.5,2416447.5,-1434942.5,-0.0003506491302264572,-0.24639335353751085,-0.07123693547078135,0.008256267891424831,-0.14888330453251103,-101910551.0,1674873268.0,-0.06084672371760608,5
2020-10-02,-19011314.0,-6926895.0,-35475587.5,-16699142.5,-816350.0,-0.46906848992492756,-0.19638871208502084,-0.2741549078248118,-0.18080154414612762,-0.10124856905081714,-78929289.0,305625627.0,-0.25825481251282634,5
2020-10-09,-3287450.0,-3922077.5,-87195535.0,4025015.0,14625.0,-0.13563559082524218,-0.20831653608632908,-0.3257463241642255,0.1170242799035898,0.0029573235463617336,-90365422.5,350084170.0,-0.25812484609058445,5
2020-10-16,-438392.0,-452232.5,-52763485.0,-61676815.0,-414000.0,-0.14493131175148588,-0.056610617170361054,-0.41747910546688227,-0.25156582627254964,-0.04688439598968543,-115744924.5,391401136.0,-0.29571943935287914,5
2020-10-23,-572841.0,-1989932.5,-8297595.0,-47101565.0,0.0,-0.14384409902234194,-0.31971409521055255,-0.06398727996021152,-0.18432091952968657,0.0,-57961933.5,397077659.0,-0.14597127837907395,4
2020-10-30,-14130549.0,-2186382.5,-52205070.0,-82628335.0,4560.0,-0.4468321966486168,-0.3159674376358903,-0.2342825582535025,-0.32113446036323984,0.00047744216641477054,-151145776.5,528225263.0,-0.28613886363856095,5
2020-11-06,1867.0,-704082.5,-94818855.0,-410739570.0,9472.5,0.0007080863690908732,-0.07937290352982025,-0.24382313167079966,-0.4575872318211712,0.0021375983752221378,-506251168.0,1302442639.0,-0.3886936382769944,5
2020-11-13,-13796989.0,-13844515.0,-19124540.0,-42227070.0,-10125.0,-0.1825384821512891,-0.2735561159914613,-0.06903747353951097,-0.20338630140839495,-0.0037332212445176953,-89003239.0,613542382.0,-0.14506453280353826,5
2020-11-20,-28097420.0,-4416012.5,-16765915.0,-14912927.5,0.0,-0.41209520431723,-0.2841286360448582,-0.03875297221848993,-0.22001242804066348,0.0,-64192275.0,593595306.0,-0.10814148014842961,5
2020-11-27,-31470393.0,-795187.5,-49820347.5,-24948577.5,-1034797.5,-0.47583973929811685,-0.14261892420739614,-0.09921840163894433,-0.06639790305861748,-0.006077583465221168,-108069303.0,1119848333.0,-0.09650351732050129,5
2020-12-04,-178560.0,0.0,-232313755.0,-218408775.0,0.0,-0.008990748230047144,0.0,-0.3503244214700054,-0.2882117309918672,0.0,-450901090.0,1450157126.0,-0.310932575453896,5
2020-12-11,-3012820.0,-11243710.0,-131477132.5,-32070605.0,0.0,-0.16716864645453125,-0.3921795073248667,-0.1801581634900012,-0.31021303214508605,0.0,-177804267.5,888855713.0,-0.20003726690340798,5
2020-12-18,-7518206.0,-10185700.0,-70456500.0,-46737117.5,-215250.0,-0.27252440581665255,-0.12404306318424121,-0.1778172509397229,-0.21633212231868923,-0.017666633699893755,-135112773.5,734158676.0,-0.184037562882387,5
2020-12-25,-87400.0,0.0,-84711575.0,-94696392.5,0.0,-0.01155135794539142,0.0,-0.33050614918842763,-0.342723683631695,0.0,-179495367.5,548795930.0,-0.3270712439503697,4
2021-01-01,470.0,600.0,414537.5,-1692950.0,-125000.0,0.0002954982414711034,2.0526610184277644e-05,0.018116892113068897,-0.038491834908578056,-0.023551023291962035,-1402342.5,102991834.0,-0.01361605523016514,3
2021-01-08,-16319036.0,0.0,-171482930.0,-85813070.0,-359010.0,-0.6893569170407944,0.0,-0.5304115767926754,-0.8786008702352633,-0.0614206771483807,-273974046.0,462917095.0,-0.5918425760448531,5
2021-01-15,0.0,-3427180.0,11804115.0,12353385.0,-4121530.0,0.0,-0.14633661032697062,0.025072094312976297,0.13823341898286404,-0.538562506574361,16608790.0,600226104.0,0.0276708891687923,5
2021-01-22,-948.0,-1011400.0,60247200.0,-435914090.0,0.0,-0.00011435114050787828,-0.07989083534265025,0.13120339136785295,-0.6884092899496945,0.0,-376679238.0,1117672539.0,-0.337021108469768,5
2021-01-29,-21780.0,6325.0,-260575.0,-163262790.0,-278110.0,-0.003779921777486522,0.0017416637638937268,-0.0003772574322121094,-0.7823158337999707,-0.17661310039785735,-163816930.0,910368679.0,-0.17994570087796266,5
2021-02-05,5172494.0,1841230.0,53626580.0,-545389210.0,-84660.0,0.1313170358695851,0.041631629393187965,0.12332785861931464,-0.7973982109781814,-0.039348559636353496,-484833566.0,1204557935.0,-0.4024991674642864,5
2021-02-12,18797720.0,-2240000.0,4564090.0,-148672530.0,0.0,0.7175819745975709,-0.21667644451366053,0.030956060149884335,-0.5538776147262401,0.0,-127550720.0,457169025.0,-0.27900122935931626,5
2021-02-19,23267300.0,-140080.0,-25559380.0,-181960280.0,0.0,0.8309419403813719,-0.004485717945433585,-0.09418383745509393,-0.5973323028086689,0.0,-184392440.0,639689644.0,-0.2882529703732393,5
2021-02-26,1157492.0,0.0,-88276815.0,-91470450.0,-1302175.0,0.07138492522508455,0.0,-0.40490109917781425,-0.4067296687690712,-0.12729897993648615,-179891948.0,480389461.0,-0.37447105443472667,5
2021-03-05,130000.0,-277585.0,-23972435.0,-70926700.0,-159250.0,0.0425945451459584,-0.001655651209637556,-0.14983747223295815,-0.7198198834097342,-0.03318887229734729,-95205970.0,434032974.0,-0.2193519287776509,5
2021-03-12,-3162792.0,0.0,-11003470.0,-136424455.0,-117000.0,-0.3154572446034612,0.0,-0.03174921849057482,-0.3445705584882793,-0.0317744395002451,-150707717.0,760760996.0,-0.19810126674790776,5
2021-03-19,-1944896.0,-5172955.0,136712460.0,58195120.0,-275500.0,-0.17794339139630178,-0.24312580824289667,0.5531102068136158,0.37508902263101185,-0.08943513031396438,187514229.0,437607703.0,0.4284984649824594,5
2021-03-26,301790.0,-6111105.0,60905040.0,109980015.0,-429400.0,0.01577861194224314,-0.1366469175648198,0.14677315201866512,0.4161211273271452,-0.08067228153762045,164646340.0,748429599.0,0.2199890814312917,5
2021-04-02,-745306.0,-15329155.0,74706625.0,89638555.0,-1037775.0,-0.06049093276381033,-0.2759213906484672,0.16443197132014872,0.5208385100629231,-0.03839556113238186,147232944.0,721341529.0,0.20410989535582388,4
2021-04-09,-19360.0,-1275800.0,17497850.0,-65209170.0,-1200000.0,-0.002757712978486705,-0.11937326695663199,0.5199498053068734,-0.45655174977733104,-0.05164213378411178,-50206480.0,217427340.0,-0.23091153118094532,4
2021-04-16,-15060.0,1694015.0,-31921990.0,22833380.0,-8956175.0,-0.0038279856763181385,0.09315605976452732,-0.23249910542223015,0.12278367076950601,-0.19435698683547936,-16365830.0,391463654.0,-0.04180676758307682,5
2021-04-23,21900.0,2881100.0,-124590505.0,-103006570.0,-34840.0,0.002583728738213065,0.20386891704853907,-0.24083604582875456,-0.28545081676749207,-0.00031636219075913667,-224728915.0,1010915927.0,-0.222302279544558,5
2021-04-30,-99414.0,6621125.0,14246270.0,41182470.0,2485.0,-0.013929655338622308,0.15741319911264473,0.10756790746707673,0.39955052776459793,0.0008479304185227584,61952936.0,287641370.0,0.21538256475415898,5
2021-05-07,-241956.0,-2100115.0,87653560.0,55139510.0,0.0,-0.06564591317861594,-0.04126215595140606,0.33139490624939094,0.19071716256826635,0.0,140450999.0,614759324.0,0.22846501633540087,5
2021-05-14,-2317070.0,4384065.0,-314804890.0,-227329540.0,12350.0,-0.3270205363257043,0.1825035249217274,-0.3822653165568176,-0.24569098288923605,0.009454617834394904,-540055085.0,1781204151.0,-0.30319662386639024,4
2021-05-21,-37380.0,-581470.0,9678625.0,-34136735.0,7500.0,-0.004095788416260083,-0.01758046197428041,0.05116655164892306,-0.2449907464804779,0.0023766141170878555,-25069460.0,373855078.0,-0.06705662561576868,5
2021-05-28,0.0,-7848985.0,150774935.0,-283297225.0,0.0,0.0,-0.16386586815046042,0.2418312314002692,-0.42559858123603106,0.0,-140371275.0,1377876408.0,-0.10187508414034765,5
2021-06-04,-95180.0,-14537705.0,61008035.0,-112592585.0,-151715.0,-0.0028010360360731534,-0.23862457993022823,0.11162972553993813,-0.7783363865116344,-0.0005634731846058524,-66369150.0,1055332334.0,-0.06288933624201834,4
2021-06-11,0.0,-18500805.0,32768855.0,-46924930.0,-260000.0,0.0,-0.506279646856578,0.06343654877242262,-0.46372187437402396,-0.00018147939658826553,-32916880.0,2092959529.0,-0.015727432634938445,5
2021-06-18,-10020890.0,-3939680.0,107329870.0,-14530815.0,0.0,-0.1499424261746897,-0.08210703771780582,0.24792219100560392,-0.20753241869466574,0.0,78838485.0,626375775.0,0.12586451798842316,5
2021-06-25,348110.0,-12469600.0,322118550.0,54412235.0,0.0,0.030262721735877577,-0.14031419009052976,0.6039749915877748,0.11869391535215901,0.0,364409295.0,1115005966.0,0.32682273109918053,5
2021-07-02,-10308700.0,1940775.0,241883060.0,-71833550.0,0.0,-0.7096601958055514,0.015735448100587846,0.6463831813801135,-0.42994940727762493,0.0,161681585.0,688505068.0,0.2348299126826471,5
2021-07-09,29409520.0,4302595.0,-27577365.0,-20315260.0,198900.0,0.4263207755679911,0.1968991527917418,-0.06502959111426035,-0.14013434100005182,0.03232501182325093,-13981610.0,666033372.0,-0.020992356521138403,5
2021-07-16,3200658.0,484300.0,31920730.0,48264010.0,7875.0,0.29397396440486734,0.03155805430878543,0.1455176804155164,0.43509267240320454,0.0009066386673620442,83877573.0,365207726.0,0.22967086134426412,5
2021-07-23,6787000.0,0.0,-19144580.0,-51395190.0,0.0,0.7573625527012523,0.0,-0.09744261600862827,-0.44256859508003665,0.0,-63752770.0,338996377.0,-0.18806327832819286,4
2021-07-30,5646394.0,-5727980.0,49514035.0,39142355.0,-29000.0,0.18581292583271028,-0.1375244669197641,0.35425540291157614,0.15266485452088263,-0.005855362451983504,88545804.0,473154200.0,0.18713942304644024,5
2021-08-06,-140524.0,1308995.0,35314580.0,-10311980.0,108800.0,-0.015515033210853589,0.07950427769875235,0.3974456931241584,-0.07895855666970049,0.03677657386328106,26279871.0,247933900.0,0.10599547298695337,5
2021-08-13,6039802.0,14618200.0,20424500.0,-18529945.0,-520.0,0.505022884808698,0.07901313095625688,0.08958270215456607,-0.08824539092074148,-3.090481880415587e-05,22552037.0,651773112.0,0.03460105454611021,5
2021-08-20,-393855.0,-457280.0,35018475.0,36698335.0,18550.0,-0.03603490267909261,-0.015578184409755851,0.0774419577436429,0.15212533607182416,0.0011722740441779847,70884225.0,749535080.0,0.09457092388524364,5
2021-08-27,27707300.0,2800045.0,124584400.0,-69440825.0,0.0,0.25284641920527856,0.04522426879387441,0.22034371113850032,-0.4818853275745575,0.0,85650920.0,889437490.0,0.09629785225266364,5
2021-09-03,-1555995.0,238740.0,127098420.0,-8757565.0,-761900.0,-0.10761287458011133,0.008858651740218201,0.3059984114368075,-0.03348294033434021,-0.03661685096042939,116261700.0,739125990.0,0.15729618708171797,5
2021-09-10,21032470.0,0.0,27427940.0,96094935.0,26370.0,0.7727051460233871,0.0,0.06244771347247022,0.5607013851308684,0.0025524550319758633,144581715.0,658126475.0,0.21968682387378505,5
2021-09-17,42314145.0,0.0,68486775.0,153417055.0,-314740.0,0.8957485536538611,0.0,0.18668126332660742,0.62875888596967,-0.018300161843110157,263903235.0,745481945.0,0.3540035231839183,5
2021-09-24,-99580.0,19875.0,54715125.0,133149975.0,0.0,-0.006691181287807139,0.0004067351659847841,0.11815243399882236,0.2493124946870121,0.0,187785395.0,1085978560.0,0.17291814214085405,5
2021-10-01,-31750.0,318915.0,-7640875.0,-8628990.0,-266380.0,-0.000850116666798312,0.029649756068082456,-0.05400946046910751,-0.1961069019073458,-0.024411634520129656,-16249080.0,244490260.0,-0.06646105247710073,5
2021-10-08,-3488070.0,39900.0,-21427725.0,-301870665.0,-659705.0,-0.1849974727773302,0.008847879668836503,-0.279969650837643,-0.8090855629885138,-0.14022477880808779,-327406265.0,477705795.0,-0.6853721860334561,5
2021-10-15,8539120.0,328750.0,-82633205.0,-81046145.0,2500.0,0.6457685324040568,0.015645903343297532,-0.23106533822998737,-0.3247534896582531,0.00032369603906104845,-154808980.0,649138770.0,-0.2384836450301682,4
2021-10-22,3452110.0,20335.0,-179293680.0,-79117370.0,0.0,0.561020856407127,0.0005395307422414763,-0.30479064139731155,-0.36050953373681943,0.0,-254938605.0,854159415.0,-0.2984672422067724,4
2021-10-29,2600820.0,-1602965.0,32794170.0,-225089665.0,0.0,0.24260656398316469,-0.16489551845754002,0.21093147303295554,-0.5722383620255661,0.0,-191297640.0,578100965.0,-0.33090697227948757,5
2021-11-05,15200.0,-17290325.0,161672560.0,-14590610.0,0.0,0.002831040873152606,-0.29753404153937674,0.386939293197057,-0.1413705373251061,0.0,129806825.0,592843220.0,0.21895641313060812,5
2021-11-12,0.0,-6985630.0,431021550.0,-69215160.0,0.0,0.0,-0.3309803549959431,0.5462303530860504,-0.3320382360945428,0.0,354820760.0,1101840555.0,0.32202550395324664,5
2021-11-19,0.0,0.0,157127550.0,-158226855.0,4750.0,0.0,0.0,0.5729319088997443,-0.5082998472949914,0.00041850828668434385,-1094555.0,653707815.0,-0.0016743795544191253,5
2021-11-26,256635.0,-192500.0,391083225.0,83783260.0,0.0,0.0020617300295736767,-0.005983733569988701,0.6239669093490439,0.16442555453638008,0.0,474930620.0,1396229575.0,0.34015224179734194,5
2021-12-03,-71565000.0,-10325.0,-207089665.0,-142480760.0,0.0,-0.5006704464551095,-0.0008884968698233763,-0.31160509830341215,-0.5541171368133114,0.0,-421145750.0,1089244380.0,-0.38664027809810686,5
2021-12-10,227900.0,80120.0,-372825515.0,-419655355.0,0.0,0.018625535208309327,0.007020350868584412,-0.6729896073183045,-0.3502008298731641,0.0,-792172850.0,1887579930.0,-0.41967645311846474,5
2021-12-17,-174630.0,10211500.0,-20900740.0,30023755.0,0.0,-0.018485693250546616,0.21993304334865962,-0.2513243814918532,0.07403153642446533,0.0,19159885.0,555415160.0,0.03449651068220752,4
2021-12-24,0.0,-1524825.0,-72470445.0,-448100.0,-811855.0,0.0,-0.14636762648454205,-0.5629651745993103,-0.017165093455142548,-0.16740572724695207,-75255225.0,182615600.0,-0.4120963652612373,5
2021-12-31,35400.0,84835.0,7616850.0,-14379925.0,0.0,0.00354609573857461,0.02310711503576312,0.2881039327887985,-0.20736640551534066,0.0,-6642840.0,111231355.0,-0.05972093030782552,4
2022-01-07,59445.0,2600.0,289328650.0,-34239560.0,-2600.0,0.009192115918542807,0.00040376056377398103,0.6468726396894424,-0.2962286852546211,-0.0007153508796064469,255148535.0,579398860.0,0.4403676855698335,5
2022-01-14,17775.0,76000.0,-38800760.0,-113026100.0,23400.0,0.0007353272733816492,0.012091407861483378,-0.47579110678002534,-0.3747077250172997,0.004535477024610777,-151709685.0,418805710.0,-0.36224359261959443,5
2022-01-21,98330.0,6321820.0,-120826315.0,-17949665.0,-5040.0,0.013461868876495944,0.1417144030497485,-0.5454048365247764,-0.06266429720216496,-0.0027665857916058276,-132360870.0,561712410.0,-0.23563814443764916,5
2022-01-28,25010.0,26400.0,270453025.0,100969710.0,0.0,0.0025496745622302567,0.0041132675470201795,0.678903762796766,0.21104469650856722,0.0,371474145.0,897013590.0,0.41412320743100445,5
2022-02-04,-1657670.0,28160345.0,158451075.0,411246535.0,0.0,-0.1421611423180824,0.6032448649302882,0.24842757348622382,0.4672083811243724,0.0,596200285.0,1597831710.0,0.3731308380405093,5
2022-02-11,2280.0,13024950.0,158501100.0,53861965.0,0.0,0.00021389260621104727,0.3094472775246689,0.2714609942159942,0.3855200970965584,0.0,225390295.0,781817895.0,0.2882900179715124,5
2022-02-18,-865995.0,129000.0,189422575.0,-14770.0,0.0,-0.05161640445560621,0.006043216021549453,0.6066032616571073,-0.00011930355800850779,0.0,188670810.0,476367945.0,0.3960610951687776,5
2022-02-25,61744605.0,5250.0,33566150.0,35016290.0,0.0,0.4508850533332262,0.0006467994515140652,0.22195970179133825,0.1668654738079345,0.0,130332295.0,527990575.0,0.24684587409538514,5
2022-03-04,118500.0,129800.0,-34049175.0,40510365.0,96000.0,0.01776368009485955,0.022529324571543625,-0.1341828832876194,0.15076335963090068,0.0040473745187418735,6805490.0,558605035.0,0.01218300869772862,5
2022-03-11,0.0,77400.0,31858825.0,36857545.0,-67500.0,0.0,0.009317712321049363,0.11000650705927018,0.13684990341711276,-0.037134534291679386,68726270.0,580610545.0,0.11836896624052876,5
2022-03-18,0.0,0.0,16428850.0,70413285.0,-434450.0,0.0,0.0,0.2055575748514045,0.19469980838683182,-0.12450100729897723,86407685.0,558609325.0,0.1546835706690002,5
2022-03-25,5782120.0,13200.0,-68441525.0,-19749670.0,37320.0,0.07496025030655344,0.0014635906869063518,-0.24834111090438654,-0.03303577472038701,0.0020268019026521396,-82358555.0,977989555.0,-0.08421210081328527,5
2022-04-01,12225.0,-133120.0,-51758270.0,-16057355.0,-744580.0,0.0007774625530153146,-0.010926880520077486,-0.5745217398977892,-0.042314030069017884,-0.0831028115197475,-68681100.0,506436725.0,-0.13561634970291697,5
2022-04-08,7070.0,-389720.0,-85410065.0,-54112030.0,267570.0,0.0012625665102000908,-0.08103432501892159,-0.3744845388228168,-0.5512125048729697,0.028243736149016135,-139637175.0,346125395.0,-0.40342944209568904,5
2022-04-15,-307590.0,0.0,-27035185.0,-47718000.0,0.0,-0.03678153497348917,0.0,-0.25698322296485604,-0.46035303766148605,0.0,-75060775.0,222359565.0,-0.3375648580712055,4
2022-04-22,-14049820.0,-15380.0,-9706200.0,-2360205.0,22025.0,-0.5369604553177251,-0.005394834919103784,-0.030691126140648596,-0.11379209097948159,0.004499535235293517,-26109580.0,370906950.0,-0.07039388180782269,4
2022-04-29,1691140.0,-275730.0,55765225.0,-8724925.0,227335.0,0.08833373074127594,-0.03701573165239069,0.19189439818413884,-0.1913877198660735,0.0028478381183761627,48683045.0,442612520.0,0.10999021220637861,4
2022-05-06,0.0,-1517945.0,4962330.0,-2244740.0,-12370.0,0.0,-0.23919260902724815,0.045358082221092964,-0.09103220784350542,-0.0002962769933609523,1187275.0,185426852.0,0.006402929172307795,3
2022-05-13,46240.0,-8827305.0,-291310585.0,-75497310.0,810.0,0.006443534211627179,-0.6752408144375833,-0.7753890012950628,-0.3990256767108796,1.8343919964344853e-05,-375588150.0,629305521.0,-0.5968295803335245,5
2022-05-20,0.0,-8031935.0,-34180740.0,-78141545.0,-3729645.0,0.0,-0.5785700444952202,-0.286072843466095,-0.4298049659643165,-0.022581591635466695,-124083865.0,484496900.0,-0.2561086871763266,5
2022-05-27,-552700.0,-18222145.0,-22948840.0,-72374035.0,-2760845.0,-0.04159240750054013,-0.47573557698144237,-0.06948548769923586,-0.35945254213318,-0.04894174594811919,-116858565.0,639615693.0,-0.18270121618169866,5
2022-06-03,-38760.0,-10991250.0,-230786830.0,-38245945.0,-33240.0,-0.011356095331431861,-0.49143726593434894,-0.3310682554087167,-0.21984233075741816,-0.012803697818864654,-280096025.0,899442105.0,-0.3114108439475379,4
2022-06-10,21950.0,-834400.0,-273669945.0,-24500935.0,251405.0,0.00021326000168762015,-0.0713963313546179,-0.7303202185405036,-0.30141810576529937,0.07763930558364975,-298731925.0,573862500.0,-0.520563593195234,5
2022-06-17,28900.0,-178400.0,-51311805.0,-41712755.0,-1015040.0,0.00587456283800334,-0.018793289615759396,-0.557131765931022,-0.3090905904618617,-0.18606714467846022,-94189100.0,246920615.0,-0.38145498706132736,5
2022-06-24,-52300.0,57145.0,-240190990.0,-25277900.0,118690.0,-0.012539530690681186,0.008342920379822236,-0.7014886486292625,-0.21441318112747698,0.045369754516333724,-265345355.0,473931615.0,-0.5598811022556492,5
2022-07-01,-41160.0,-1772595.0,-208902775.0,-17670500.0,188850.0,-0.00861390614274473,-0.09502538609867851,-0.4210901160688545,-0.350981279740452,0.03482104086977927,-228198180.0,575301590.0,-0.39665835097031454,5
2022-07-08,-10900.0,-5631115.0,-194662620.0,-273455170.0,-13320.0,-0.0019335463190777163,-0.3284849110612162,-0.41929842297687386,-0.6706221302369659,-0.0006554343975121048,-473773125.0,915123750.0,-0.5177148172583216,5
2022-07-15,0.0,-2927885.0,-34096470.0,-311132120.0,0.0,0.0,-0.11057733796885094,-0.3761852510295276,-0.8743983265445884,0.0,-348156475.0,584333520.0,-0.5958180783467634,4
2022-07-22,856120.0,-1396070.0,95287670.0,-247198080.0,0.0,0.08174391864182802,-0.22449511233037076,0.17871639889185245,-0.7531003825258699,0.0,-152450360.0,910367015.0,-0.16746032917284465,5
2022-07-29,0.0,-6182590.0,-445802570.0,-116973815.0,0.0,0.0,-0.17895867395651535,-0.686161038928017,-0.7739692722319178,0.0,-568958975.0,849650135.0,-0.6696391274038931,5
2022-08-05,-52140.0,-473825.0,-152603115.0,-119674060.0,0.0,-0.0028215163621162455,-0.0376577301168854,-0.4885816539989144,-0.7823536756692796,0.0,-272803140.0,507165110.0,-0.53789808214528,5
2022-08-12,-3563365.0,0.0,81221575.0,-91573290.0,0.0,-0.28429784309212247,0.0,0.41719568471260693,-0.715991582612155,0.0,-13915080.0,354845865.0,-0.03921443469546982,4
2022-08-19,-24800.0,0.0,-17780530.0,-7468850.0,265000.0,-0.0031849158276832114,0.0,-0.20095971793239636,-0.1849555487345619,0.03704625329571857,-25009180.0,166076730.0,-0.15058810466704156,5
2022-08-26,213150.0,3457280.0,-92976220.0,-6646605.0,-811050.0,0.032021717379612465,0.2580016380321972,-0.7813407766253135,-0.19002233402576818,-0.05825541882058365,-96763445.0,187952710.0,-0.5148286768517464,5
2022-09-02,0.0,1552970.0,75600195.0,1374605.0,43050.0,0.0,0.1005784506021061,0.23303887847554744,0.012544889958598636,0.0023550901539999194,78570820.0,470851930.0,0.16686948697438705,5
2022-09-09,937880.0,10918450.0,-13946035.0,75410000.0,1887600.0,0.03761687087861071,0.10894824029351151,-0.0887821693307776,0.530310150565959,0.009512048683185208,75207895.0,622873630.0,0.12074342431224773,5
2022-09-16,5530.0,6025840.0,-61198190.0,25690150.0,0.0,0.0013187609847066652,0.2317185602227572,-0.2226745989682875,0.08392376082096493,0.0,-29476670.0,878220595.0,-0.033564084203696,4
2022-09-23,-429725.0,-118030.0,32784170.0,-141066030.0,-597250.0,-0.030460791012994527,-0.005726241229373488,0.1581539863049701,-0.5265425289772642,-0.000962412719459206,-109426865.0,1130498120.0,-0.09679526490499604,5
2022-09-30,-307890.0,-615035.0,6956125.0,-312615765.0,-11678750.0,-0.01195821673466772,-0.048586547664048275,0.0982696947485356,-0.5126315783345959,-0.17751031851161123,-318261315.0,784809125.0,-0.405527031811716,5
2022-10-07,29700.0,-1506125.0,3129565.0,46330.0,-477400.0,0.00557173087601867,-0.22407272683992924,0.01706610074227135,0.0007481268569952202,-0.008886903266039334,1222070.0,311078600.0,0.003928492670341194,5
2022-10-14,208575.0,-7055.0,24232755.0,-21646360.0,0.0,0.0786244722557298,-0.0012332687127331718,0.15634120715045188,-0.4739332300795247,0.0,2787915.0,222626240.0,0.012522849956950268,4
2022-10-21,0.0,36345.0,-5340815.0,-14126345.0,0.0,0.0,0.0060989730165122834,-0.2930449749907271,-0.06402427569378144,0.0,-19430815.0,254367385.0,-0.07638878309811614,4
2022-10-28,3300.0,8400.0,-511073000.0,-30827965.0,-567760.0,0.0009847277675326302,0.00031267780060201646,-0.6186017378192474,-0.10640239922703201,-0.01734019130528797,-542457025.0,1178862835.0,-0.4601527920761027,5
2022-11-04,0.0,-407165.0,40281815.0,-27668500.0,-906470.0,0.0,-0.05249779198927261,0.24191132685837316,-0.24027557376936,-0.28764452116629197,11299680.0,297988130.0,0.0379198996953335,5
2022-11-11,12568820.0,10785.0,-14625475.0,-45017530.0,-9362300.0,0.4423022851614942,0.0030432788966879474,-0.18191985574255065,-0.3460897572529944,-0.4909925524868485,-56425700.0,261498675.0,-0.21577814878029497,5
2022-11-18,97292695.0,-695160.0,-27248350.0,-5466205.0,-2256950.0,0.5427979805283244,-0.020383012748619186,-0.45917923271980743,-0.1831283657913899,-0.20206320322484617,61626030.0,313707775.0,0.19644406326875385,5
2022-11-25,-256220.0,-4240540.0,-290477525.0,-8515840.0,-265600.0,-0.09986689351286143,-0.40835224370131873,-0.39205899258592825,-0.35343252262844854,-0.056870678090763974,-303755725.0,782617640.0,-0.38812787940736937,5
2022-12-02,25275.0,586630.0,180175280.0,23452205.0,132600.0,0.0060223739232996175,0.051787783351688245,0.8178590265611193,0.11909676769007892,0.011454372767271938,204371990.0,444319160.0,0.4599666374954436,5
2022-12-09,-72000.0,-439670.0,12907900.0,-42176810.0,0.0,-0.01728957150678616,-0.06485406103069974,0.26907182217941944,-0.3525543188286688,0.0,-29780580.0,198596025.0,-0.14995556935240772,5
2022-12-16,0.0,-1038435.0,-86353885.0,-20176060.0,0.0,0.0,-0.06111027579025358,-0.4023219243587278,-0.36926834808087095,0.0,-107568380.0,297431115.0,-0.3616581271263432,4
2022-12-23,0.0,0.0,-289975120.0,-97930440.0,-97345.0,0.0,0.0,-0.5490038795185239,-0.4873752801661199,-0.0060311467264091674,-388002905.0,758376650.0,-0.5116229580644394,5
2022-12-30,0.0,0.0,-104941880.0,0.0,0.0,0.0,0.0,-0.3250089001104868,0.0,0.0,-104941880.0,361589400.0,-0.290223883775354,3
2023-01-06,39538170.0,-539215.0,-269616350.0,-555720.0,-772910.0,0.3387995059844925,-0.05266602105703194,-0.6439863154041034,-0.08421059011966657,-0.038658779290686354,-231946025.0,572199300.0,-0.40535880592653645,4
2023-01-13,13200.0,91500.0,24116860.0,-2769000.0,-724000.0,0.0014294733581902868,0.0036876128449832343,0.09068619335960154,-0.08431777661727068,-0.006880287231084948,20728560.0,438052690.0,0.04731978703292519,5
2023-01-20,0.0,78200.0,48296555.0,20393290.0,23685.0,0.0,0.001704542234502289,0.10813358221802453,0.12020056640756985,0.003963320253344601,68791730.0,673003665.0,0.10221598124580793,5
2023-01-27,-317390.0,12500.0,-17101365.0,-302635.0,-911471.0,-0.03921643732029867,0.0003028705342345468,-0.07798503217309836,-0.01650274436819003,-0.18295742064985573,-18620361.0,291975740.0,-0.0637736580443293,5
2023-02-03,-251250.0,106195.0,-706140.0,-3951665.0,79900.0,-0.03210302611748877,0.0032318626752805037,-0.007762201002906181,-0.04545794421335848,0.008591942929712746,-4722960.0,227886285.0,-0.02072507347249967,5
2023-02-10,-421015.0,37100.0,-1534565.0,157423210.0,394600.0,-0.09390801803148148,0.0019594970377792087,-0.00785842066056945,0.46459112115176465,0.032933130971790264,155899330.0,569517555.0,0.2737392879838445,5
2023-02-17,-2090250.0,83750.0,-43189655.0,17321245.0,0.0,-0.22963320208820376,0.0010224760377399262,-0.17115377608013152,0.20558394462071064,0.0,-27874910.0,441231980.0,-0.06317518054788322,5
2023-02-24,38301635.0,-106680.0,-50049110.0,26320655.0,-33300.0,0.7279784284300884,-0.003902650312215683,-0.6983825911124665,0.18413073880550396,-0.003082245985444024,14433200.0,305362560.0,0.04726578137149492,5
2023-03-03,135153435.0,17605.0,-10514760.0,918800.0,1926000.0,0.9496772725203056,0.0013875687084931342,-0.11658954653004847,0.009237532109045307,0.08006118902920613,127501080.0,368709305.0,0.3458038033512607,5
2023-03-10,620000.0,109220.0,-8196670.0,404880.0,0.0,0.03484856192069535,0.0012141185018342395,-0.11296355493544301,0.004621986663157482,0.0,-7062570.0,275883315.0,-0.025599844629966114,5
2023-03-17,-666955.0,52870.0,40501915.0,2373100.0,0.0,-0.016340143900966657,0.0016338510955022586,0.35845838145372694,0.0760618725881101,0.0,42260930.0,221447080.0,0.19083986115328322,5
2023-03-24,-5126115.0,2930950.0,174768725.0,54525755.0,0.0,-0.4717052664628668,0.11177709770005946,0.2984988765677467,0.5394027607781425,0.0,227099315.0,725954709.85,0.3128284890484756,5
2023-03-31,-67230.0,1756895.0,164108090.0,-25277170.0,0.0,-0.01066220491796779,0.06708020630018907,0.34395644196089814,-0.07663746405890225,0.0,140520585.0,861717385.0,0.16307038414920688,5
2023-04-07,0.0,-541075.0,56542140.0,-18517600.0,0.0,0.0,-0.023235939856889026,0.5234119148166853,-0.12996554484097653,0.0,37483465.0,294600975.0,0.1272346943183063,4
2023-04-14,0.0,13300.0,250723300.0,11573175.0,0.0,0.0,0.00029535592776571123,0.5887700264769251,0.062008584841683326,0.0,262309775.0,667488810.0,0.3929800336278297,4
2023-04-21,46805.0,0.0,44050135.0,-1939810.0,0.0,0.0012526381541725791,0.0,0.7542195285757152,-0.033846787629602054,0.0,42157130.0,209163885.0,0.2015507122560857,4
2023-04-28,61360.0,-224600.0,85002345.0,6780480.0,-132855.0,0.0014900894842932888,-0.010378431530654611,0.7628781269399568,0.15805051267793555,-0.0006173992404950701,91486730.0,432328625.0,0.21161386202451896,5
2023-05-05,30300.0,-1874965.0,64563605.0,128500.0,0.0,0.0031783811340526822,-0.10148737257007631,0.8722567782733185,0.004208187725125763,0.0,62847440.0,135606000.0,0.4634561892541628,4
2023-05-12,25228070.0,-18582010.0,21150.0,-16945260.0,0.0,0.47089165760851054,-0.32449661751487974,0.0020943227514746902,-0.3346329412391991,0.0,-10278050.0,173028765.0,-0.05940081696820757,5
2023-05-19,-424600.0,-6443060.0,-130865770.0,-4822760.0,-1673810.0,-0.023409642556370458,-0.09206383681004562,-0.49071264338162973,-0.04693426073741548,-0.1412663595139008,-144230000.0,469411915.0,-0.3072567938544977,5
2023-05-26,-412840.0,-9010420.0,-10348540.0,27571560.0,-339015.0,-0.003570698185057981,-0.11191858072987262,-0.059485569222273375,0.3599185901597272,-0.03918997104810038,7460745.0,455350330.0,0.016384626316181653,5
2023-06-02,0.0,-1200.0,-4063405.0,-573950.0,-9731485.0,0.0,-9.452229887368016e-06,-0.08091775847291567,-0.020900511815826417,-0.7851055212813419,-14370040.0,225497185.0,-0.06372602833157319,4
2023-06-09,586405.0,3233945.0,-7946950.0,-4084090.0,0.0,0.0425788135177867,0.07111412372726587,-0.09316982455778347,-0.08752160936777746,0.0,-8210690.0,213214400.0,-0.038509078186088744,5
2023-06-16,15735285.0,0.0,-55524510.0,-58380275.0,-1100350.0,0.4184079963805106,0.0,-0.14953635309301205,-0.31550864693905634,-0.039052940895671136,-99269850.0,704487320.0,-0.14091076898303861,5
2023-06-23,-11650.0,-669120.0,6301740.0,-19171690.0,0.0,-0.002078660807162726,-0.017160161507402422,0.06426235787217555,-0.3674933707988903,0.0,-13550720.0,328086270.0,-0.04130230746931287,5
2023-06-30,15210.0,36600.0,-19319185.0,-27289590.0,0.0,0.00322031870780742,0.003916509854677153,-0.19310871669746174,-0.4605883839180846,0.0,-46556965.0,180836720.0,-0.2574530493585595,4
2023-07-07,73354935.0,38890.0,-16398195.0,35576265.0,0.0,0.8666335395097169,0.003823319199472266,-0.0547164251880154,0.14926085151263413,0.0,92571895.0,638196280.0,0.1450523888982869,5
2023-07-14,-637875.0,927940.0,66337600.0,-32739890.0,0.0,-0.08546982779412474,0.06520024550041789,0.2977735370969832,-0.21250142833697894,0.0,33887775.0,403171005.0,0.08405310545583505,5
2023-07-21,142670.0,0.0,215953725.0,-28003800.0,0.0,0.0060110277311161584,0.0,0.5559304385084094,-0.423242758826758,0.0,188092595.0,494644260.0,0.3802583193829036,5
2023-07-28,3895585.0,21240.0,89099755.0,-58411630.0,0.0,0.14806829351356818,0.0017463321064884378,0.6164304558854758,-0.6522821673142498,0.0,34604950.0,278904115.0,0.12407472008794133,5
2023-08-04,4880.0,2380.0,-5486260.0,11858165.0,135030.0,0.00071489366689178,0.00033328058724599606,-0.12367364554076309,0.14645920831858944,0.004630097140144362,6514195.0,168457290.0,0.03866971266129237,5
2023-08-11,135705000.0,35750.0,571537650.0,4166375.0,-1644100.0,0.9489235376565941,0.0018453289176203877,0.8231293619201803,0.12381750953659687,-0.07548368717220368,709800675.0,912160140.0,0.778153576191128,5
2023-08-18,-6604890.0,-5755615.0,19785270.0,-8890545.0,-112530.0,-0.04461810856600888,-0.2175382479629465,0.12785268831406835,-0.18729882148019358,-0.006051979908480812,-1578310.0,395301150.0,-0.003992677481459389,5
2023-08-25,-886890.0,-7293765.0,-20779580.0,2365725.0,7200.0,-0.12744540148125155,-0.4700070851307946,-0.1452182906343561,0.04913136816860124,0.0006130466545533189,-26587310.0,225465055.0,-0.11792208774880879,5
2023-09-01,-908075.0,-1510180.0,-39586625.0,-4550025.0,-376440.0,-0.14174696510159515,-0.19323687569376247,-0.32411587585966806,-0.05426831359160337,-0.004727263434490501,-46931345.0,299833565.0,-0.15652465393592607,5
2023-09-08,-41323435.0,-2843525.0,-88687040.0,-2407525.0,-1524000.0,-0.32282205991319995,-0.46325591018763046,-0.9612614633903129,-0.0837920093358817,-0.09905279143310346,-136785525.0,270523970.0,-0.5056318114805132,5
2023-09-15,-286790.0,107380.0,-47471455.0,-12123465.0,0.0,-0.0033097274295954423,0.02342602955196464,-0.19758139400534697,-0.19520749601525017,0.0,-59774330.0,417925060.0,-0.14302643158081976,5
2023-09-22,-1459795.0,-72367270.0,1031940.0,-4172070.0,185000.0,-0.06503467592367777,-0.9261909800544025,0.0041991670028501465,-0.2140571957182096,0.0783841841901219,-76782195.0,368180050.0,-0.2085452348653872,5
2023-09-29,-23600.0,-178745.0,-23900190.0,5427955.0,2917500.0,-0.0008099892264568565,-0.017157414442099665,-0.6303348752678737,0.09044607882671067,0.49601108480641964,-15757080.0,143365875.0,-0.10990816329199679,5
2023-10-06,24965.0,-117654495.0,51800520.0,4524145.0,157500.0,0.0037821144542218715,-0.9354505352019685,0.7521347416987592,0.07372190135139452,0.03622026057890325,-61147365.0,266961330.0,-0.229049521891429,5
2023-10-13,-771970.0,901465.0,66124750.0,-1550815.0,0.0,-0.03995668775171233,0.03320104575384861,0.4530125086047011,-0.08380731637064005,0.0,64703430.0,227709585.0,0.28414890835622925,4
2023-10-20,-411305.0,-39403150.0,13706650.0,-1783480.0,0.0,-0.020070742039934582,-0.6304366816978062,0.12920377823476759,-0.05944509291670527,0.0,-27891285.0,223072615.0,-0.12503231290851188,4
2023-10-27,23700.0,1165.0,-21355510.0,-5684655.0,0.0,0.0019794215328490013,0.00013264298258847373,-0.13541978178626823,-0.24816235211943946,0.0,-27015300.0,206909930.0,-0.13056550741668127,5
2023-11-03,42820.0,-601065.0,-11026590.0,39144280.0,-246725.0,0.010699636807050467,-0.07926522096912024,-0.09936456400115165,0.33535258224310327,-0.04318243473847258,27312720.0,244995310.0,0.11148262389186143,5
2023-11-10,0.0,-3722640.0,18116170.0,70001305.0,0.0,0.0,-0.10103952666912988,0.21299291625316102,0.44474377613337185,0.0,84394835.0,291080933.0,0.2899359780463532,5
2023-11-17,0.0,-955180.0,5589525.0,-19362660.0,28120.0,0.0,-0.03684556478428384,0.13058136469869902,-0.4367557225184856,0.009259972746964988,-14700195.0,119550775.0,-0.12296193813883682,4
2023-11-24,168400.0,-2602715.0,-2869305.0,8748500.0,0.0,0.04876814108240947,-0.18524723890535436,-0.09894875792333566,0.11187921725087116,0.0,3444880.0,162621077.0,0.021183477957165416,5
2023-12-01,0.0,-849190.0,-13156655.0,24681590.0,-716625.0,0.0,-0.15904191661625536,-0.045903443403980206,0.2995065256180504,-0.08591785264175592,9959120.0,388008204.0,0.025667292333849723,5
2023-12-08,39900.0,-3965550.0,-12810480.0,-4254235.0,0.0,0.008801333390979493,-0.2564058132229245,-0.22878181729536448,-0.0910266697689056,0.0,-20990365.0,130636834.0,-0.1606772328851754,5
2023-12-15,-382475.0,-1973800.0,-27145575.0,-6582625.0,38300.0,-0.13701297212562027,-0.32927975683545774,-0.6160342617178094,-0.3154447338861478,0.005118495167766363,-36046175.0,81201288.0,-0.4439113699772841,4
2023-12-22,-1959635.0,-10847260.0,-31881170.0,5722005.0,0.0,-0.31552943544329276,-0.452967109830512,-0.2678836552055518,0.12193879964760954,0.0,-38966060.0,212613100.0,-0.183272150210876,5
2023-12-29,-970710.0,29250.0,4254660.0,427750.0,0.0,-0.6023044562748967,0.0114512782366989,0.055064800465713305,0.011437249872826604,0.0,3740950.0,119204790.0,0.031382547630846046,3
2024-01-05,27890.0,-5145260.0,23403425.0,-1072170.0,166585.0,0.010539323125292864,-0.42015996302452524,0.34746360480225386,-0.06771150253072665,0.23214833189330805,17380470.0,98799240.0,0.1759170414671206,4
2024-01-12,-2943335.0,-5445965.0,21917445.0,20997655.0,15120.0,-0.26680943834076654,-0.3130049327618437,0.2584574341913599,0.2941009094475622,0.021776702385067404,34540920.0,185321970.0,0.18638329821337427,5
2024-01-19,-753710.0,-6002985.0,-14588770.0,14176230.0,-41800.0,-0.07442932024031948,-0.44441388561810735,-0.0927964779399913,0.27630793411519255,-0.013868521111339672,-7211035.0,235166635.0,-0.030663512279282306,5
2024-01-26,-16810.0,-519200.0,-3950865.0,55476810.0,-52500.0,-0.0018685719208441365,-0.04274016130459568,-0.017085965365378836,0.817717755297599,-0.0403794902954625,50937435.0,321522155.0,0.15842589447685185,5
2024-02-02,1170.0,48400.0,163020.0,24742780.0,377625.0,0.0002134477559252276,0.00663816188748727,0.0007493489565527227,0.28851164134359725,0.1031425531827723,25332995.0,319742725.0,0.07922930850107691,5
2024-02-09,57720.0,0.0,18958235.0,-7490210.0,0.0,0.002124627122786663,0.0,0.04512482829963362,-0.38107092172061163,0.0,11525745.0,483250340.0,0.02385046433697284,5
2024-02-16,-263520.0,49620.0,-99499685.0,-5313540.0,7600.0,-0.018101126443429514,0.004272290040449856,-0.6372986254065633,-0.21373612847482007,0.00348234086618647,-105019525.0,209342565.0,-0.5016635054605355,5
2024-02-23,-391440.0,0.0,-38753525.0,327400.0,212080.0,-0.024890970060443777,0.0,-0.06215803758475741,0.002295548182550209,0.047343195755006555,-38605485.0,807846995.0,-0.04778811487687715,5
2024-03-01,1260.0,-104000.0,-138894905.0,-115166845.0,-4000.0,7.149613608778818e-05,-0.0016349985269292118,-0.28995030854328696,-0.5085734532310688,-0.0003769784891361868,-254168490.0,797323425.0,-0.31877715119181405,5
2024-03-08,-86215.0,0.0,-37008700.0,-14331650.0,-200000.0,-0.012220566952661337,0.0,-0.25841037127110283,-0.5416483602661821,-0.033364723977809124,-51626565.0,209341925.0,-0.24661359639260028,5
2024-03-15,194750.0,-158130.0,-33672875.0,74993015.0,-146600.0,0.00802129896853715,-0.004664624473835935,-0.04910368132130618,0.15561507867956814,-0.016180211799634674,41210160.0,1234903465.0,0.033371159097039214,5
2024-03-22,69000.0,-299000.0,-117629260.0,-4325095.0,-233750.0,0.0004535332955060273,-0.0017421583500746593,-0.17610828528371267,-0.006798030013468449,-0.032812912354780926,-122418105.0,1635053500.0,-0.07487100880796867,5
2024-03-29,445675.0,0.0,-21306495.0,142240995.0,-1518000.0,0.020109818311113678,0.0,-0.019649523757738308,0.17263982968296934,-0.07553926225311028,119862175.0,1994815340.0,0.06008685245021226,4
2024-04-05,18210.0,-137630.0,-177207575.0,75252205.0,-71880.0,0.001150431743576914,-0.0043502805572202706,-0.12627312086176154,0.6152213483155713,-0.010150807559724962,-102146670.0,1580231725.0,-0.06464031090123823,4
2024-04-12,6357665.0,-128280.0,63080885.0,226865745.0,0.0,0.303470307102071,-0.013208463177599154,0.2893506155976417,0.5413033190160569,0.0,296176015.0,686674915.0,0.43131911262551365,4
2024-04-19,-9300300.0,135000.0,-15205970.0,152046335.0,21525.0,-0.18095102455834783,0.008214916828530953,-0.09753641490684696,0.527780118413387,0.0009706045479755962,127696590.0,533994155.0,0.23913480850740773,5
2024-04-26,-1198360.0,-2185715.0,9257790.0,553431325.0,0.0,-0.0458120557317061,-0.0250446559984215,0.11011073944820994,0.8834739546896901,0.0,559305040.0,831611975.0,0.6725552984010361,5
2024-05-03,1239010.0,881705.0,-13761695.0,140858590.0,3990.0,0.16006239024008398,0.06805408635416904,-0.31815758675115025,1.3631323604570695,0.0022622414177973843,129221600.0,169049304.06,0.7644018454766066,4
2024-05-10,7040785.0,-449770.0,40204940.0,77623575.0,-1015825.0,0.635054433610838,-0.006654804207276799,0.14045974862331423,0.33859448669507525,-0.2104959421782416,123403705.0,598989015.0,0.20601998018277515,4
2024-05-17,7699325.0,-1573890.0,-25772695.0,47055035.0,-1214790.0,0.2967486599852538,-0.022797832895704574,-0.10854232705997333,0.3612272104797344,-0.28572234981989325,26192985.0,466942180.0,0.0560947074860532,5
2024-05-24,-198700.0,2150615.0,170102425.0,-70711645.0,298350.0,-0.003917247312658929,0.05295069545622137,0.3373711248527778,-0.14996807181706534,0.10355725325970187,101641045.0,1069931880.0,0.09499767873072443,5
2024-05-31,-380310.0,6019205.0,435647750.0,79500240.0,20726630.0,-0.004555598552236985,0.0829552136347872,0.38574915631269646,0.21663891971026172,0.3647258880376941,541513515.0,1709195765.0,0.31682357637950265,5
2024-06-07,2415380.0,4537650.0,-12496010.0,43146390.0,0.0,0.09160495840499709,0.0268834834581841,-0.030526431132654887,0.12369514356603001,0.0,37603410.0,966026590.0,0.038925853997455705,5
2024-06-14,16630.0,4064040.0,2087710.0,177477645.0,3600500.0,0.0005435934666145191,0.20595771421621292,0.17355979603891172,0.8451424486070215,0.2937590180673422,187246525.0,284607840.0,0.6579106359122082,5
2024-06-21,14191160.0,1305.0,136430980.0,57968475.0,8160.0,0.10421789085445259,1.2841615256744235e-05,0.6190850811368631,0.5199291848045734,0.002054096235415539,208600080.0,573631645.0,0.36364813869360363,4
2024-06-28,14312980.0,5487045.0,22638470.0,7559340.0,0.0,0.7312504103167096,0.2518268425845015,0.7148992031366743,0.10999453835255847,0.0,49997835.0,149912010.0,0.33351453962894634,5
2024-07-05,47183520.0,-567040.0,173111120.0,12978475.0,179740.0,0.4361604181503149,-0.006828012334831256,0.9361221745364735,0.17884952343679483,0.031329663041403645,232885815.0,454452555.0,0.5124535277395459,5
2024-07-12,1415160.0,1502920.0,53254230.0,9612940.0,488950.0,0.08036985261608368,0.01016747287472523,0.6290897776246819,0.18499705509715486,0.015784900505410593,66274200.0,333015870.0,0.19901213716931868,5
2024-07-19,25217605.0,-171320.0,2989050.0,18047480.0,0.0,0.8358187658802418,-0.0023760758618944044,0.05157620118212608,0.41581109172564384,0.0,46082815.0,269108605.0,0.17124244317642687,5
2024-07-26,-397600.0,125000.0,1097400.0,-904850.0,82000.0,-0.03675354189612595,0.001986516321814055,0.005506225951499201,-0.021434824429753956,0.04097162714819987,1950.0,317259295.0,6.146392022966577e-06,5
2024-08-02,0.0,-71660.0,-299084790.0,22091165.0,15960.0,0.0,-0.0014707239025779845,-0.7181801642598303,0.2319665494364581,0.0035816393854660846,-277049325.0,575774005.0,-0.4811772025032634,5
2024-08-09,78785510.0,-284905.0,92666900.0,157197635.0,0.0,0.425400037996074,-0.0027029026995822386,0.2061393107680539,0.3598508894660045,0.0,328365140.0,1180282225.0,0.27820900208846233,5
2024-08-16,1608035.0,149960.0,34348090.0,24172830.0,78000.0,0.3290733451276001,0.012045096016989722,0.4380729102265996,0.19154514740098239,0.003112467827856587,60356915.0,247003305.0,0.24435671012580176,5
2024-08-23,-220740.0,1281710.0,-11640530.0,30279445.0,0.0,-0.03655516353691162,0.05138209830713403,-0.10115711870369057,0.16358667329813525,0.0,19699885.0,369633310.0,0.053295751402924155,5
2024-08-30,49938095.0,1444135.0,-16333280.0,18702750.0,17130.0,0.5261537578125329,0.07047629272744353,-0.11977291714064203,0.07324197381592827,0.0007616698221347564,53768830.0,529617085.0,0.1015239717955851,5
2024-09-06,778805.0,14235.0,54005910.0,52482360.0,-522290.0,0.08996209441223237,0.0004057419541028464,0.8421468652564329,0.5111408202681597,-0.07221820464567048,106759020.0,217778780.0,0.49021773379389855,5
2024-09-13,1399825.0,0.0,35921410.0,217897715.0,0.0,0.1201784701686186,0.0,0.158957244237401,0.7716902208186922,0.0,255218950.0,578156950.0,0.44143540953715077,5
2024-09-20,871020.0,130500.0,-50393895.0,51123995.0,-8610000.0,0.038073698672172,0.01891196083702455,-0.12032944893539113,0.317990604460241,-0.22089304415244032,-6878380.0,648327125.0,-0.01060942807228681,5
2024-09-27,-83485.0,18620.0,-31456950.0,8872250.0,0.0,-0.0034455690069241556,0.0010737824650516102,-0.753219571624095,0.05536789296250039,0.0,-22649565.0,246583255.0,-0.09185362160946411,5
2024-10-04,-662995.0,-610280.0,-3016535.0,5590640.0,0.0,-0.17896896363231454,-0.07704538984439553,-0.019467314876953995,0.03643212969448216,0.0,1300830.0,322634475.0,0.004031900186736089,5
2024-10-11,844045.0,44620.0,39131670.0,23793990.0,-1012000.0,0.1790856509968004,0.0009634808997253259,0.4832909262511983,0.21078854384955464,-0.17473099714076548,62802325.0,250666115.0,0.2505417415513062,4
2024-10-18,-131380.0,0.0,52293255.0,-102666470.0,96800.0,-0.017258773888780877,0.0,0.6842217030800032,-0.27433679798214566,0.008670276893532941,-50407795.0,494399525.0,-0.10195761211542426,5
2024-10-25,319800.0,0.0,433320.0,-23215390.0,21500.0,0.027402424917527098,0.0,0.03446162851315633,-0.2606642622107057,0.005226978502531438,-22440770.0,126816645.0,-0.17695445262725568,4
2024-11-01,6385765.0,0.0,-3606450.0,31934440.0,0.0,0.58290951562234,0.0,-0.19884682131519713,0.22951102083671046,0.0,34713755.0,204647760.0,0.16962685054554225,4
2024-11-08,3842500.0,-1289850.0,8615130.0,16758360.0,2098500.0,0.15791876831169321,-0.025419424945740954,0.05323575343288959,0.07058391540928168,0.035626287123766844,30024640.0,533232360.0,0.0563068602963256,5
2024-11-15,-397335.0,1089550.0,45155885.0,-10348560.0,0.0,-0.03951732049821452,0.08591252936721368,0.8686315507611462,-0.10095702037205936,0.0,35499540.0,191639235.0,0.1852415033904722,5
2024-11-22,2368710.0,17280.0,62969740.0,12235665.0,-228800.0,0.08437022153723625,0.00033215742301199313,0.3305042396515714,0.05918267770979113,-0.011201758206034506,77362595.0,497794375.0,0.1554107456517563,5
2024-11-29,13931440.0,176195.0,-254387175.0,-242290.0,8100.0,0.6342590600778834,0.010047911420756256,-0.31743098215570476,-0.005249205653863969,0.0006218934120757881,-240513730.0,900076245.0,-0.26721484022722986,5
2024-12-06,1530880.0,20850.0,-438606515.0,-75792890.0,222250.0,0.11750839644499643,0.0009242334680231843,-0.7360377940563448,-0.633441731955382,0.017409157099137023,-512625425.0,763908010.0,-0.6710564862384412,5
2024-12-13,-382985.0,-15620.0,35587580.0,-118215910.0,0.0,-0.05401919237439164,-0.0025006203523601405,0.4863379819646398,-0.5961137454834514,0.0,-83026935.0,298461145.0,-0.2781833963680599,4
2024-12-20,-1165370.0,24030.0,-82503065.0,-36111095.0,-12732020.0,-0.06865076045604977,0.00041714716129013217,-0.5148520081680577,-0.2600349772803939,-0.42299400011927,-132487520.0,403796995.0,-0.32810427427772215,5
2024-12-27,0.0,-1550000.0,-106457480.0,1113900.0,0.0,0.0,-0.10631278455817092,-0.8922295908754752,0.019605575734918675,0.0,-106893580.0,196580455.0,-0.5437650452075716,3
2025-01-03,-198185.0,-15400.0,-25787400.0,-25189100.0,-104500.0,-0.0032717214296391697,-0.00026821845557200766,-0.37982251265183936,-0.33148559808771116,-0.03694518148215583,-51294585.0,264701355.0,-0.19378285766614228,4
2025-01-10,-2475310.0,-2655305.0,-60733360.0,-181471620.0,43650.0,-0.008389570450000364,-0.037490545490433666,-0.17802824967049888,-0.5151678926457267,0.0012194288966096106,-247291945.0,1095069280.0,-0.22582310500026082,5
2025-01-17,18000.0,-3086795.0,-5513670.0,-24525075.0,-679815.0,0.0003226284034159895,-0.1769018063865392,-0.029360077346122542,-0.0776410421988775,-0.06826383923909289,-33787355.0,586872100.0,-0.05757192240012773,5
2025-01-24,-637600.0,1531325.0,25562930.0,-157558850.0,-4900000.0,-0.05618529515564851,0.05877513437496642,0.4396494627380452,-0.3210518784478854,-0.2540278974473825,-136002195.0,605593460.0,-0.22457672346725804,5
2025-01-31,-901800.0,0.0,-39207445.0,-87013500.0,-9792200.0,-0.07129981024667932,0.0,-0.3090128472916778,-0.5001184579567365,-0.6732549237464304,-136914945.0,343663380.0,-0.3983984124232265,5
2025-02-07,-892995.0,12076940.0,-143638335.0,-311295965.0,96760.0,-0.08049285700765002,0.14258794329536106,-0.3574651084849747,-0.5648181653392255,0.008702589281136985,-443653595.0,1059879260.0,-0.4185888069929777,5
2025-02-14,-4558165.0,2777685.0,-109538855.0,-40368100.0,-5334960.0,-0.22513553701006825,0.09451232168048218,-0.5374486363570238,-0.2010178995767993,-0.3066381771703723,-157022395.0,471665330.0,-0.3329106148208943,5
2025-02-21,450810.0,-22035.0,-167266605.0,142603750.0,4925.0,0.002136104711349735,-0.0006526734583014673,-0.6734372296516078,0.17785710128935026,0.0002077490172522377,-24229155.0,1318676420.0,-0.01837384413076864,5
2025-02-28,-34175300.0,1690.0,26912800.0,-11894725.0,-2010000.0,-0.5727189103504606,3.586426077604318e-05,0.3402751858359101,-0.018843903365215568,-0.08594092053415062,-21165535.0,840497640.0,-0.025182146852904905,5
2025-03-07,0.0,329255.0,-43279625.0,-172417825.0,0.0,0.0,0.003566793628508783,-0.1421275039578403,-0.32726845841732916,0.0,-215368195.0,998053475.0,-0.21578823218866103,5
2025-03-14,-640220.0,-22461740.0,-3141490.0,-3791660.0,0.0,-0.008771171503926697,-0.12948427801591264,-0.016534204886687574,-0.004886291238826818,0.0,-30035110.0,1230427815.0,-0.024410298299376465,5
2025-03-21,-53180.0,2300660.0,-81049285.0,-97872285.0,41800.0,-0.0027863618120678073,0.03848267856276648,-0.23200519089357996,-0.17275680952540487,0.0022138306154766887,-176632290.0,1013626110.0,-0.17425783359112562,5
2025-03-28,-90860.0,970640.0,-63153560.0,3198185.0,5175.0,-0.0038765866496687346,0.03732197237688025,-0.4496201760218938,0.031234486816693566,9.641360037261295e-05,-59070420.0,345972895.0,-0.17073713245657582,5
2025-04-04,20900.0,-141190.0,3458200.0,19331435.0,79750.0,0.0017189097342104982,-0.004119199762516566,0.08511270874850452,0.1169131604419062,0.0017531171411990223,22749095.0,297904840.0,0.07636363007730924,4
2025-04-11,0.0,-119835.0,-160062785.0,-209820860.0,0.0,0.0,-0.004903131093240504,-0.7653916123844291,-0.6843861122181175,0.0,-370003480.0,562294345.0,-0.6580245440668624,5
2025-04-18,-54715.0,-689495.0,-36330180.0,-169939080.0,0.0,-0.009328458404691252,-0.05163391253099368,-0.8271426200369697,-0.39366657611020034,0.0,-207013470.0,498633450.0,-0.4151616182187537,4
2025-04-25,-49960.0,-3046205.0,-38988885.0,-121895885.0,-5400.0,-0.007647844030517898,-0.085490674608214,-0.03073345247123652,-0.35265819373137725,-0.0019817786463350857,-163986335.0,1659152110.0,-0.0988374326932568,4
2025-05-02,-64425.0,-267710.0,-2926185.0,2855540.0,0.0,-0.004822885743834211,-0.008981194209308692,-0.017166965642015364,0.17492218812922558,0.0,-402780.0,250499005.0,-0.0016079105783274469,4
2025-05-09,9646190.0,3613735.0,179414095.0,-154972425.0,0.0,0.32417548349370673,0.10724269177528604,0.5850744588983731,-0.6801102826088951,0.0,37701595.0,609544075.0,0.06185212283459568,5
2025-05-16,520140.0,3888485.0,-78872645.0,-158807480.0,0.0,0.04107880229079044,0.014061175262042954,-0.22131064145244725,-0.5399680998608322,0.0,-233271500.0,945366925.0,-0.24675233904549812,5
2025-05-23,6755.0,-2459750.0,17480755.0,-133996015.0,75000.0,0.0001846433076709659,-0.011892331647117787,0.057634879782146924,-0.6255287217019779,0.004934981617193476,-118893255.0,776130715.0,-0.15318715353250772,5
2025-05-30,-263265455.0,2060850.0,-86195095.0,-26158010.0,5425.0,-0.9167017395487947,0.13818395896690416,-0.48322169454749153,-0.3223578524478293,0.00010175315528563095,-373552285.0,614938560.0,-0.6074627764438776,5
2025-06-06,-5660465.0,2177720.0,-48308200.0,-16452400.0,-125350.0,-0.4262313289682096,0.08971511377013623,-0.24161275294730652,-0.265799731266397,-0.0027635896240272456,-68368695.0,344750000.0,-0.19831383611312545,3
2025-06-13,2610680.0,-20892870.0,4484145.0,-161193335.0,-26900.0,0.0689864656591717,-0.26511017151693056,0.009660445252414166,-0.15936623537516434,-0.002422381362972235,-175018280.0,1603396990.0,-0.10915467665933438,5
2025-06-20,5550.0,-33226625.0,69057075.0,-3569865.0,0.0,0.00014754867810341728,-0.3532649923486917,0.42716723640690374,-0.01522326205819634,0.0,32266135.0,546122930.0,0.0590821832000352,5
2025-06-27,-3402200.0,-44671660.0,34793950.0,-32599105.0,0.0,-0.19845503496091504,-0.46550617486573687,0.32721637950082455,-0.09674822083001865,0.0,-45879015.0,568678210.0,-0.0806765833352398,5
2025-07-04,-10740055.0,571800.0,482969925.0,-245466100.0,-1468350.0,-0.2669970137009288,0.013492245144514263,0.735030793544372,-0.17423821228569342,-0.05475766280042177,225867220.0,2175291130.0,0.10383309934243147,5
2025-07-11,-964210.0,316450.0,92603705.0,-264332920.0,-57150.0,-0.0798169906939089,0.01264550876644051,0.3687160786567343,-0.7682648198442823,-0.003263662840500257,-172434125.0,649832600.0,-0.2653516074755252,5
2025-07-18,1980.0,93465.0,35756790.0,-265382310.0,-386950.0,0.00010691055231449197,0.0010573659341957845,0.057398630532900626,-0.6620908003299049,-0.011365597295989438,-229917025.0,1164740165.0,-0.19739769599170645,5
2025-07-25,21230.0,10225505.0,47107380.0,-155517110.0,-129750.0,0.0007007306015952101,0.29830579428564763,0.6012408509403254,-0.13843818617004416,-0.008238435237009782,-98292745.0,1282043755.0,-0.07666879123014018,5
2025-08-01,-33150.0,340000.0,79468860.0,58263215.0,-631500.0,-0.00014407331910766853,0.011490904273332112,0.49553327740446834,0.3290062495597187,-0.016371109593107284,137407425.0,635712705.0,0.21614704868923454,5
2025-08-08,1985.0,9621120.9,65866130.0,-105429985.0,-3909150.0,2.4310150640940795e-05,0.23657858143584928,0.23901888287542639,-0.3651472555579713,-0.15047621063936462,-33849899.099999994,712600936.8499999,-0.04750190092316042,5
2025-08-15,3831911.7,1634824.15,449604005.25,-46523539.39999999,425748.5,0.030488857087768956,0.036331541625644975,0.7416497400010484,-0.1147966061882195,0.043578059416372834,408972950.20000005,1191940311.2,0.3431152939095261,5
2025-08-22,-352016.05,-2061411.0,207819319.25,193139073.0,853798.25,-0.005183595742166825,-0.03152787047195153,0.5479120661634224,0.26459216146398096,0.05117883675834274,399398763.45,1259219328.6,0.3171796639224491,5
2025-08-29,-7960.0,51295.0,256243918.75,20924730.0,-540680.5,-0.0002256292490792144,0.0009004303622671135,0.9655863626638003,0.08265332347125247,-0.01160272333914086,276671303.25,657384851.35,0.42086656344731727,5
2025-09-05,-3814483.8,-458474.45,-15576036.5,92083861.25,-31894.0,-0.14376457190104663,-0.0009298435720330145,-0.027313598857243507,0.09651828530960857,-0.0006589261132352563,72202972.5,2092324910.45,0.03450848964201797,5
2025-09-12,-5850361.2,-10828658.05,-20315314.75,101564.0,2920.0,-0.12361557701744928,-0.027084409092906683,-0.07210759106529659,0.00014400618760405736,5.6880423835128e-05,-36889850.0,1485485707.65,-0.024833527384358876,5
2025-09-19,-325855614.9,154583.2,-943477348.75,-532387919.75,-576507.75,-0.7000407507462855,0.0027622939774392553,-0.5530750576066452,-0.5431238847470669,-0.013760530684857835,-1802142807.95,3249447287.4,-0.5545997976141842,5
2025-09-26,-2060958.1,51165.0,80922928.0,134313885.5,0.0,-0.04064723652182024,0.00038413751805115053,0.3166905116659909,0.045003687936908704,0.0,213227020.4,3479864223.6,0.06127452299831737,5
2025-10-03,922353.25,0.0,139930941.25,220136224.75,22192.5,0.05000056296852255,0.0,0.8178571973748141,0.7907183431888603,0.0027461961610052397,361011711.75,512719659.6,0.7041113111044826,5
2025-10-10,-1829624.15,-1742068.5500000003,46270201.25,90670683.25,-1642990.5,-0.03676903503708582,-0.025519894356834084,0.596781482597316,0.5160506705862735,-0.08129100158700199,131726201.3,391468325.05,0.336492617335452,4
2025-10-17,-120279.6,215641.55,51626551.25,85256497.5,-1324512.0,-0.0076582923044593515,0.01022580595270453,0.4274821153274417,0.3792393000720858,-0.013419378785806308,135653898.7,481073365.75,0.28198172744091476,4
2025-10-24,-94397433.95,619458.0,-83930364.25,46877092.25,0.0,-0.7582815833587627,0.007363609099415146,-0.13331688032054778,0.1774275193147966,0.0,-130831247.94999999,1209262604.65,-0.10819093176859364,4
2025-10-31,-68503.5,273752.3,140352282.0,77272614.75,927845.0,-0.0023291261949037285,0.007152256678114705,0.33271114910480803,0.333049580554852,0.013304725116459453,218757990.55,791284224.25,0.2764594362504125,5
2025-11-07,32655.0,-396185.35,-158016789.25,154547066.5,-2979734.0,0.0007665492408926014,-0.004516230190259182,-0.22295815118232667,0.4070787746260376,-0.03390068357018227,-6812987.099999994,1306598290.65,-0.005214293596397331,5
2025-11-14,1188970.0,-2193731.2,-13425280.25,201065810.25,9405.0,0.010330750139095351,-0.008836376592809905,-0.08837300817054598,0.3674896095856995,0.0001290188090081001,186645173.8,1135297521.25,0.16440199181840678,5
2025-11-21,-44709.5,76052.75,55914820.25,-2684133.75,-845925.25,-0.002050265816198396,0.0003309091406700453,0.10455956261574281,-0.004756054688053118,-0.006959433881802459,52416104.5,1472313920.55,0.03560117429333233,5
2025-11-28,-90932279.7,13499405.7,-69370595.5,-53178252.25,-41831.5,-0.5818163140940465,0.15149104054411502,-0.3177033041964877,-0.1048695453216693,-0.0004114454248968374,-200023553.25,1072510050.4,-0.18650039985676575,5
2025-12-05,-6753.1,112808.0,174042221.0,28187242.75,-397686.0,-0.0003096032255933043,0.0009661505649244214,0.5669851946495863,0.15745172116802186,-0.010573268811878615,201937832.65,662167061.4,0.3049650827134906,5
2025-12-12,-172027.0,0.0,208389559.75,-160505171.0,-156502.75,-0.0032991999735890627,0.0,0.1479169111398824,-0.17267777166394438,-0.006126663908085215,47555859.0,2471561134.05,0.019241223024927992,4
2025-12-19,-1863007.5,386796.8,23393106.25,103698546.75,0.0,-0.018078760373096425,0.004237801182538293,0.010767984246403349,0.05252695553852804,0.0,125615442.3,4398669532.2,0.028557599378731525,5
2025-12-26,-538328.75,-125916.75,-38661722.0,71635795.5,3403000.0,-0.028835778723266668,-0.002373912859784127,-0.12035784638656555,0.3741727410898657,0.06080553159874789,35712828.0,640350185.45,0.0557707779453568,3
2026-01-02,4484.0,-11298660.0,-47625562.75,-6832647.5,-2517867.75,0.00033613398636530656,-0.14147769542743022,-0.3698422113738699,-0.18985393698098202,-0.03323606576446843,-68270254.0,333720410.4,-0.2045732052114245,4
2026-01-09,134818.5,-1134296.2,504628142.75,70555633.5,38993367.5,0.0015346736344774238,-0.01943951543574676,0.7284877202570844,0.16342087108350078,0.44232354623960013,613177666.05,1358802428.55,0.4512632985976716,5
2026-01-16,-149266710.95,-2163428.55,-183648121.5,-34870960.25,9736694.5,-0.7691251190059532,-0.01659689882338374,-0.7514798286321619,-0.12571372683433038,0.054526888643502414,-360212526.75,1024757440.1,-0.35151003803870795,5
2026-01-23,-632801.0,491522.1,158044191.25,-126063979.25,-2089481.0,-0.02287223400516716,0.005834546493489396,0.3520992961098151,-0.33267416461166827,-0.02144971173678666,29749452.099999994,1037127055.15,0.02868448176361316,5
2026-01-30,2515089.6,1980265.85,247085943.0,177782177.25,719494.75,0.041841177707239434,0.03046880169348468,0.44658898255493557,0.18612101920522064,0.009087104351283369,430082970.45,1712751559.35,0.2511064538824412,5
2026-02-06,-5206179.300000001,392546.9,320145297.0,-138025181.25,18400.0,-0.0527772941433742,0.00507602957307968,0.27827811439597394,-0.3119222480924755,0.00014151718361345996,177324883.35000002,1898946839.3,0.093380646408915,5
2026-02-13,-190361917.45000002,-3663598.75,317187221.5,49033213.5,-49075769.0,-0.5908872914649295,-0.006626970874490692,0.20602031393093667,0.0560983783549128,-0.08573722724164791,123119149.79999998,3861041397.8500004,0.03188754978606503,5
2026-02-20,-92227198.7,-57177853.65,-115178649.5,-48519538.5,-20305480.5,-0.4774466078311612,-0.2300228618379755,-0.18119655570302465,-0.054164309934184786,-0.10494680406368546,-333408720.85,2166665917.9,-0.15388100126352203,5
2026-02-27,-37865299.349999994,7481240.8,-313106614.25,150645000.75,564212.5,-0.1682324014832864,0.02240359229239869,-0.17997727200061306,0.20180766781100468,0.006568745130343014,-192281459.55,3131080176.2,-0.0614105831628241,5
2026-03-06,-5193172.15,36092.3,-190279039.0,-19261007.5,-10637951.0,-0.021039358249525342,0.00032119742143835303,-0.10382761171418464,-0.031953630858587934,-0.25499992605016025,-225335077.35,2836340561.7,-0.07944570563661167,5
2026-03-13,-28853862.3,-2879533.95,-1009629309.75,-269766725.75,-7637081.75,-0.17835726290995255,-0.050257369194401456,-0.6530375448538059,-0.2836781771057169,-0.030910621242033993,-1318766513.5,2963152615.9,-0.445055211271813,5
2026-03-20,603417.0,196613.75,-151417373.25,-29439595.5,184033.0,0.020685961685745186,0.002575066238193212,-0.2700628750614629,-0.12397880753200934,0.006651593809730778,-179872905.0,931321954.25,-0.19313718975394809,4
2026-03-27,-607810.8500000002,4017078.5500000003,-319623534.25,-201928733.5,418891.0,-0.004193165293969092,0.023135802207703515,-0.3571158158158284,-0.21201410663757297,0.005057476332458134,-517724109.05,2248853555.45,-0.23021690665242203,5
2026-04-03,-422887.2,137571.5,-103651339.5,-71494842.75,-90125.0,-0.008256808375574123,0.0018830991862068289,-0.1735330649883557,-0.19575392899955701,-0.007283269693112714,-175521622.95,1099175300.4,-0.15968483178809242,4
2026-04-10,-30746700.0,299.39999999999964,-330377597.25,-221815877.5,5468102.5,-0.47393974598491584,3.0637052110991168e-06,-0.37622620787012545,-0.34795704790108656,0.3191458642458144,-577471772.85,1695349211.8,-0.340621135062128,4
2026-04-17,-283305.0,-2561417.6,136950401.25,114965096.0,17749151.75,-0.010904308416942734,-0.025516132646065892,0.21005679554445028,0.3997840889527253,0.4701146794285108,266819926.4,1103656598.6,0.24175991584562073,5
2026-04-24,-73140915.35,-5945804.1,-115503253.75,40789592.0,7850917.5,-0.6485866795191988,-0.026824522818655546,-0.41993691201899097,0.13521149144690214,0.1778112680701029,-145949463.7,955299905.05,-0.15277868544576173,5
2026-05-01,-19301640.0,3307567.9,-354527189.25,-71197424.5,1342820.0,-0.17861638813800768,0.07367043815038524,-0.41222915673884913,-0.3326197074415553,0.04982095674828638,-440375865.85,1253986770.3,-0.3511806314708136,4
2026-05-08,-175913.0,2826701.95,-333280826.75,-43566759.25,-1517.5,-0.0041597327343874365,0.025356280659105754,-0.3241910561224472,-0.06816894617009818,-2.7995032528221563e-05,-374198314.55,1875113006.45,-0.19956040689965637,5
2026-05-15,-81354193.75,9498452.65,-323824882.5,9620209.5,-1074400.0,-0.7942747541101917,0.06039339973473383,-0.3934716196773451,0.0642023463060709,-0.014607824408403336,-387134814.1,1306087997.6,-0.29640791034859754,5
2026-05-22,-155571691.55,109672.0,-76446501.75,-98014251.75,-6592200.0,-0.7031136328934149,0.0010239753790576478,-0.08499941990522672,-0.3019267332108173,-0.022680134476765857,-336514973.05,1843030889.85,-0.18258780951706577,5
2026-05-29,-34925935.85,-4194578.3,487060347.25,935075762.5,34810.0,-0.5674358862964014,-0.06305862280322692,0.4103484128869701,0.4482504538692135,0.0004795885111286268,1383050405.6,3473652113.9,0.3981545532627322,4
2026-06-05,309344.95,4802768.0,389424954.5,-101038996.0,4634335.0,0.0046271967515235215,0.06073802245026977,0.7502201599266806,-0.2229379533002646,0.013083282653628672,298132406.45,1472441868.1,0.20247482288363763,4
2026-06-12,2522657.15,6424329.95,157069266.0,-5979284.75,100379.0,0.028418325819172762,0.056212526005932184,0.39536320239135875,-0.03650391711296008,0.001721150984291739,160137347.35,822452836.85,0.19470702777721227,5
2026-06-19,-25943.800000000003,289303.35,211098949.0,-324526491.75,1364245.0,-0.00012990458152278272,0.001162467130673195,0.2803871539216826,-0.32535353857427296,0.0010075902076218854,-111799938.19999999,3552894331.5,-0.031467284914381076,5
2026-06-26,87400051.15,6195741.35,600369465.25,-276297346.0,-445300.0,0.5255590524036925,0.034640128796056005,0.16732338906022234,-0.301419952909951,-0.011336676014926708,417222611.75,4889170059.7,0.08533608090032377,5
