period_end,ew_ret,tw_ret,ret_ex_Absa,ret_ex_Co-op,ret_ex_Equity,ret_ex_KCB,ret_ex_NCBA,ret_Absa,ret_Co-op,ret_Equity,ret_KCB,ret_NCBA,n_trading_days
2017-09-30,-0.04172289430818884,-0.01693701154770539,-0.04735244677882082,-0.05126819559306978,-0.031468910008208374,-0.03729167925809973,-0.041245979845907124,-0.019417475728155355,-0.0030211480362536134,-0.0828025477707006,-0.059523809523809756,-0.04402515723270424,21
2017-10-31,0.033154228306041,0.06441381599655997,0.03949455331865307,0.041307394677094544,0.013768085963007722,0.02988666475774834,0.040970264927920115,0.004950495049504918,-3.8163916471489756e-17,0.11111111111111098,0.04430379746835472,2.949029909160572e-17,17
2017-11-30,-0.009886922826747493,0.014405720333106295,-0.006847017431250466,-0.005507356219023322,-0.024292695285912557,-0.011921730589251686,-0.0011108471305394671,-0.024630541871921156,-0.030303030303030186,0.05000000000000003,-7.806255641895632e-17,-0.03289473684210513,20
2017-12-31,-0.022211148975959955,-0.0067982500328752655,-0.02027882544683802,-0.030805987595701877,-0.01602151464197835,-0.03511451526795986,-0.008766279119772957,-0.030303030303030352,0.012499999999999994,-0.04761904761904745,0.030303030303030092,-0.0748299319727892,17
2018-01-31,0.08113298965290704,0.07996676093530782,0.07229984509427367,0.09354901169449696,0.07762674674830537,0.08178268000292625,0.07983443248166848,0.11458333333333327,0.030864197530863946,0.09375000000000021,0.07647058823529448,0.08088235294117631,22
2018-02-28,0.05057892318989686,0.053538066193007945,0.053666151168189305,0.03528129412220235,0.0502414158661339,0.05219216477350674,0.06152236753536344,0.037383177570093386,0.11377245508982049,0.051428571428571414,0.043715846994535804,0.00680272108843521,20
2018-03-31,0.1201226984703681,0.1325951866598812,0.11171140227054414,0.1356278105152206,0.10664201234475577,0.12227098353479858,0.12416842866827521,0.15315315315315295,0.059139784946236146,0.17391304347826064,0.10994764397905735,0.10135135135135159,21
2018-04-30,-0.07637901484300018,-0.08142223505533903,-0.08058607669355224,-0.08267567487593418,-0.07803504066752477,-0.07113363896657415,-0.07017066076299881,-0.06250000000000017,-0.05329949238578663,-0.07407407407407399,-0.099056603773585,-0.1042944785276074,20
2018-05-31,-0.03957475905154671,-0.027421317463003872,-0.045543195500875475,-0.02540061242755868,-0.04089834277235522,-0.048259526951536645,-0.037990109781477384,-0.0166666666666666,-0.09651474530831107,-0.03500000000000011,-0.005235602094241473,-0.04794520547945206,22
2018-06-30,-0.006239361123655662,-0.03342048203266894,-0.005999050720638114,-0.016655788634045734,0.004003499243070229,0.002654433656499898,-0.015300078051957511,-0.008474576271186366,0.035608308605340866,-0.04663212435233147,-0.04210526315789467,0.028776978417266057,19
2018-07-31,0.006036203040226814,0.04646940040023435,0.00953819836910781,0.015485178808842396,-0.009822889267648816,-0.00471210767542941,0.019746947913282808,-0.008547008547008529,-0.028653295128939934,0.07065217391304336,0.049450549450549525,-0.04895104895104919,22
2018-08-31,-0.07148711409065442,-0.07829893489790218,-0.07971537112557475,-0.0862954932339163,-0.06689335474303558,-0.07252243830333226,-0.05198408895156625,-0.038793103448275745,-0.01179941002949848,-0.09137055837563476,-0.06806282722513093,-0.14705882352941166,22
2018-09-30,-0.09608794405284635,-0.10419192504637878,-0.10788272556142006,-0.10207926641338322,-0.09243721030740053,-0.09226281042129783,-0.08612304789459907,-0.04932735426008975,-0.07462686567164167,-0.11173184357541897,-0.11235955056179803,-0.13793103448275842,20
2018-10-31,-0.033657950061281965,-0.018855288981107585,-0.04729311922613857,-0.022975436040828242,-0.04290229632462795,-0.032835210020176725,-0.022792438926270597,0.01886792452830194,-0.07741935483870938,1.2576745200831851e-16,-0.037974683544303806,-0.08000000000000022,22
2018-11-30,0.01615113388958705,0.03032847674235054,0.022049274203673898,0.011332234486867189,0.018422529270266653,0.003613561205833758,0.025117043674222055,-0.009259259259259573,0.03496503496503459,0.006289308176100334,0.06710526315789428,-0.021739130434782837,22
2018-12-31,-0.009628324833545395,-0.10032057524406986,-0.017302960301662163,0.004052992568225485,0.02714229112026015,0.009780654833308026,-0.0720004089160939,0.01869158878504678,-0.06756756756756771,-0.14749999999999994,-0.08631319358816285,0.22888888888888886,17
2019-01-31,0.17443538819116128,0.19243039418315597,0.2056921980315432,0.18469541564098127,0.15599126182094578,0.18331498487998796,0.142324647658296,0.055045871559632906,0.13043478260869565,0.24780058651026385,0.13765182186234787,0.2983725135623867,22
2019-02-28,-0.021872726739711454,-0.02431963236504305,-0.025829568504119993,-0.011178412457169372,-0.015162031181390704,-0.027772445297542928,-0.029707544434439608,-0.008695652173913075,-0.0641025641025639,-0.049353701527614424,0.00118623962040337,0.006963788300835661,19
2019-03-31,0.042737043389053965,0.06400222228062395,0.04333656104062301,0.046335642546144265,0.03448783265867276,0.037366013063658304,0.05196482673019835,0.039473684210526605,0.027397260273972563,0.07416563658838093,0.06398104265402786,0.00553250345781473,20
2019-04-30,-0.09536154636069695,-0.06243193787114256,-0.09363542352753189,-0.07809219330190477,-0.11086793771896952,-0.099449189200587,-0.09543935843497708,-0.10970464135021082,-0.16333333333333327,-0.03452243958573091,-0.08017817371937659,-0.10041265474552954,18
2019-05-31,-0.0315220706493752,-0.045408191493817966,-0.035411669749935024,-0.03373227228342439,-0.025086362510706724,-0.03029490244531989,-0.034122565025015296,-0.018957345971564003,-0.027888446215139723,-0.05959475566150153,-0.03995157384987886,-0.027522935779816453,22
2019-06-30,-0.01608627905099328,-0.0129879228827273,-0.021323029060096383,-0.015087080479409778,-0.018620287025110555,-0.014193088987205164,-0.01131455115144671,0.004830917874396124,-0.020491803278688513,-0.006337135614701968,-0.02395964691046637,-0.03616352201257857,17
2019-07-31,0.008995602407168412,0.023218039483574773,0.006312317933652733,0.011147195420488098,0.006064655359004599,0.002810884987298706,0.018573168901158416,0.01923076923076915,-4.484260185400045e-16,0.02040816326530524,0.0335917312661492,-0.029363784665578888,23
2019-08-31,-0.012041467849401705,-0.006365689797487174,-0.023100170452471296,-0.004713112972659222,-0.013096607468064432,-0.014804628118822183,-0.004534065343821706,0.03301886792452794,-0.04184100418410072,-0.008750000000000032,-0.001250000000000113,-0.04201680672268874,21
2019-09-30,0.028443084232644057,-0.0056963011007671125,0.0318780579208307,0.023197107711817294,0.0501381245995053,0.02252097442844252,0.014457551103292733,0.013698630136986481,0.04803493449781692,-0.05548549810844873,0.051314142678347406,0.08421052631578925,21
2019-10-31,0.28871012037113125,0.3244918378279799,0.306928509135935,0.28117226338348433,0.27170025694703237,0.2936447073280137,0.2894157629292079,0.2162162162162158,0.31666666666666643,0.3551401869158881,0.26785714285714257,0.276699029126214,21
2019-11-30,-0.042998255305344374,-0.024743895535389346,-0.042987409664981976,-0.05682320391086149,-0.05279467207359882,-0.03890228393969041,-0.023796549599946207,-0.04444444444444443,0.009493670886075885,-0.004926108374384013,-0.06103286384976517,-0.11913814955640017,21
2019-12-31,0.056359602094335326,0.07383256980391871,0.06165127487913788,0.06419068633638556,0.051649937877892765,0.04913340760012867,0.05503875447539434,0.034883720930232384,0.025078369905955942,0.07425742574257393,0.08499999999999999,0.060431654676259335,19
2020-01-31,-0.043208175189231965,-0.06080085184049122,-0.0512994599767047,-0.03565790275723155,-0.03555087719986966,-0.043982311337712,-0.04963845171785984,-0.011235955056180037,-0.07339449541284421,-0.07373271889400919,-0.04147465437788017,-0.01763907734056996,22
2020-02-29,-0.07724940940712091,-0.07786216377227848,-0.09162468286089145,-0.07713142740642503,-0.08101209626464347,-0.07102674595211377,-0.06562563820942553,-0.018939393939393607,-0.07920792079207933,-0.06368159203980103,-0.10288461538461535,-0.1243093922651936,19
2020-03-31,-0.18885383526709382,-0.2507608265669402,-0.17849571474579667,-0.21767034613036007,-0.1647934990526022,-0.17324486486445806,-0.20959140675396515,-0.2293436293436294,-0.07168458781362015,-0.2794899043570668,-0.2518756698821009,-0.10567823343848542,22
2020-04-30,0.07540497899324619,0.10997967780148685,0.07791567957829047,0.10037115248221218,0.059179719558224264,0.06865586158067583,0.07052792362969265,0.06212424849699355,-0.02316602316602355,0.14011799410029485,0.10028653295128878,0.09171075837742514,20
2020-05-31,-0.05968649776728943,-0.07831884997178326,-0.07908445789774378,-0.06899290161800897,-0.0524427856223028,-0.05542704075374173,-0.04312831302071486,0.01886792452830226,-0.02371541501976281,-0.09314359637774902,-0.07942708333333288,-0.13085621970920872,19
2020-06-30,-0.020770307340374362,-0.007348653930856206,-0.007632814746559374,-0.022318623872566286,-0.020845927416660057,-0.030103021975339404,-0.023282823681425733,-0.074074074074074,-0.016194331983805432,-0.022824536376604834,0.016973125884016938,-0.013011152416357037,21
2020-07-31,-0.08534062124143593,-0.056549161587373366,-0.08159048287207445,-0.07389489896835971,-0.0936900733070743,-0.09515961967116347,-0.08267102620671041,-0.10200000000000017,-0.1316872427983541,-0.05401459854014606,-0.045897079276773306,-0.09792843691148793,22
2020-08-31,0.09538481999467203,0.12498923163162866,0.0904597145405156,0.08757203767345051,0.082315184620691,0.09187569269816598,0.12376175527597484,0.10913140311804004,0.12322274881516547,0.14197530864197525,0.10641399416909625,-0.018789144050104317,21
2020-09-30,-0.002963109237735703,0.00282065262234916,-0.0006447667546042653,-0.0029746678445770843,-0.0008828718782087385,-0.011325380129152372,0.0006432977335621173,-0.014056224899598634,-0.0042194092827004,-0.013513513513513896,0.030303030303030193,-0.019148936170212696,22
2020-10-31,-0.05794893201858585,-0.07835902318383452,-0.05882511110229941,-0.06639889329610887,-0.05089655697047542,-0.051992513426280744,-0.06176558100878412,-0.054989816700610775,-0.025423728813559077,-0.08630136986301368,-0.08184143222506404,-0.043383947939262674,21
2020-11-30,0.02557035945366671,0.04322175231745103,0.018136392179349405,0.030395750600438524,0.018638554897299316,0.02255984739850209,0.03765551924264309,0.05387931034482725,0.004347826086956413,0.05097451274362804,0.03621169916434536,-0.024943310657596023,21
2020-12-31,0.07414299657534035,0.03937907339633201,0.09617810284658003,0.07200365096417946,0.08174476451923753,0.08672492041358235,0.03468514499330261,-0.012269938650306397,0.08225108225108273,0.042796005706134024,0.024193548387096853,0.24418604651162737,21
2021-01-31,-0.03235571120405889,-0.027565699573310457,-0.0318008422317759,-0.042359180105194634,-0.04012238481788925,-0.02581435603043186,-0.021721066609781264,-0.03519668737060035,0.007999999999999695,-0.0013679890560873488,-0.05905511811023605,-0.07476635514018673,20
2021-02-28,0.03837267318643788,0.05192620282228208,0.036813276755444095,0.038444138298516374,0.03804157466543607,0.027804322210508048,0.05050557590293075,0.042918454935622206,0.035714285714285914,0.03835616438356155,0.08089260808926085,-0.010101010101009979,20
2021-03-31,0.004234022825688158,0.026060914528766226,0.029518622329986657,0.00183355288866354,0.0040967422385002625,-0.01106310294283692,-0.003732692323061908,-0.09259259259259274,0.011494252873562916,0.0013192612137205855,0.06580645161290312,0.02653061224489789,23
2021-04-30,-0.014774481940794197,0.0011513652125963764,-0.017506368825955684,-0.0003021378308331747,-0.02662423414158543,-0.01254710849690915,-0.017396075544447966,-0.004535147392290158,-0.07575757575757576,0.03162055335968417,-0.025423728813559313,-0.007952286282306025,20
2021-05-31,0.04993351102422868,0.05954077351695088,0.04223794952818968,0.06357756112765678,0.0427851466522586,0.04937827840194728,0.05149449703185763,0.0797266514806377,-0.00409836065573804,0.07790549169859505,0.05093167701863339,0.042084168336673514,20
2021-06-30,0.04604272418445588,0.03458260712098255,0.045655498968075144,0.024178199929309942,0.042242097691028574,0.055549955533352284,0.06268114419239182,0.04641350210970476,0.13580246913580235,0.06042654028435998,0.008274231678487322,-0.019230769230769548,21
2021-07-31,0.03824897793974299,0.06983990276409299,0.04708005123464705,0.05236453240674637,0.024506808077035955,0.02996263820953219,0.037207847876066624,0.002016129032257989,-0.018115942028985248,0.09273743016759789,0.07151230949589708,0.04117647058823527,21
2021-08-31,0.06473193878368604,0.07145775751807894,0.05540085188749451,0.07929362214244438,0.0584323620559802,0.06525032299080132,0.0650208777074411,0.10160965794768666,0.007380073800737908,0.08895705521472384,0.06126914660831504,0.060263653483992444,22
2021-09-30,-0.042490905902508584,-0.03894081849670113,-0.04441438515762124,-0.04794184584188103,-0.04168661266926038,-0.04428520447226754,-0.03446884100757515,-0.03652968036529673,-0.021978021978022195,-0.04694835680751189,-0.03608247422680419,-0.07637655417406745,22
2021-10-31,-0.04997213124983777,-0.04002498713918431,-0.05424569322376384,-0.04656831396232262,-0.057253365649566165,-0.04759755797909845,-0.0442362408942984,-0.03317535545023742,-0.06367041198501894,-0.02068965517241399,-0.0598930481283423,-0.07307692307692316,19
2021-11-30,0.011790596391536828,-0.00896079725166709,-0.005745725158435833,0.020702450575021326,0.017957818182937492,0.017778414939182897,0.008175034117121234,0.08333333333333376,-0.02400000000000035,-0.0140845070422537,-0.012514220705346716,0.024896265560165918,22
2021-12-31,0.056681576492966686,0.062111911559289225,0.05237911406692661,0.05512733193141359,0.05132297758520478,0.058818800998269645,0.06541327770699332,0.07239819004524874,0.06147540983606578,0.07653061224489818,0.04723502304147463,0.020242914979757016,21
2022-01-31,-0.006267264256305884,-0.025254154666311257,-0.00799810883125202,-0.008172913401791613,0.0024886492879949815,-0.005534960160242121,-0.012448769628294153,3.261280134836398e-16,-1.4528309111305757e-16,-0.04265402843601909,-0.009900990099009698,0.01587301587301607,21
2022-02-28,-0.015083384400333497,-0.005599005498526295,-0.0202104755024121,-0.01796815200817839,-0.016801842799874588,-0.019020218966743142,-0.0015701520685700789,0.00421940928270036,-0.003861003861004055,-0.009900990099009814,2.0816681711721685e-17,-0.06835937499999988,20
2022-03-31,0.023459573085868986,-0.0014157422797505567,0.017465964272896116,0.030256605442885404,0.026534589697332463,0.034720525232269026,0.008188507114475394,0.046218487394957826,-0.003875968992247958,0.010000000000000184,-0.021111111111111233,0.08385744234800815,23
2022-04-30,-0.08291985651165662,-0.10336335034665328,-0.052828910530673394,-0.10038938593719592,-0.09079544574699808,-0.06579117911752917,-0.10423421694553849,-0.19839357429718862,-0.011673151750972713,-0.051485148514851545,-0.14982973893303034,0.005802707930367493,18
2022-05-31,-0.02570543000661126,-0.016190217103446553,-0.038924487512020566,-0.004024869603610978,-0.02024291205258421,-0.03651452583164276,-0.029104594889249227,0.027054108216432792,-0.1102362204724409,-0.05010438413361186,0.017356475300400444,-0.01730769230769202,20
2022-06-30,-0.025420354409824052,-0.022482689472896354,-0.037153017099166276,-0.02355569985438849,-0.018714520635681724,-0.0353102349431231,-0.012722204507609736,0.0195121951219512,-0.03539823008849513,-0.054945054945054965,0.014435695538057642,-0.07632093933463797,21
2022-07-31,0.07882605958458612,0.0949465735979774,0.08364856836685693,0.07485614578225185,0.069432120670484,0.08174585928521837,0.08402034771397297,0.05741626794258369,0.09174311926605531,0.1162790697674416,0.06468305304010341,0.05720338983050773,20
2022-08-31,0.055857134971369085,0.0073153108923246085,0.051040387368591546,0.058809838504579465,0.06907144061621828,0.07162686263721264,0.028376879637701177,0.07239819004524886,0.042016806722689114,1.209969624493823e-16,-0.00729040097205349,0.16633266533066182,22
2022-09-30,-0.008531209197963503,-0.016922494071085876,-0.002752183582982228,0.00020349773638026882,-0.0029120140929309625,-0.014742406388964912,-0.023166619563759882,-0.03375527426160339,-0.044354838709677706,-0.03229166666666668,0.014687882496940398,0.041237113402061945,21
2022-10-31,-0.011989161451698689,-0.020964031362480675,-0.011117980339571232,-0.014181603682178806,-0.016702073402346126,0.008400665471652385,-0.02684204356215379,-0.01746724890829722,-0.004219409282700288,0.005382131324004556,-0.09167671893848013,0.03960396039603959,19
2022-11-30,0.020612977296002533,0.006477232512790119,0.016465364576107443,0.020739586008143573,0.031214918478574084,0.02296269856736146,0.01107718828394069,0.035555555555555785,0.01694915254237283,-0.022483940042827208,0.009296148738379402,0.05396825396825381,22
2022-12-31,0.047633674791263736,0.008067349157077831,0.045244488466855075,0.05312976680526661,0.06619380762069844,0.05893628933914883,0.014986213142977744,0.05579399141630898,0.02499999999999962,-0.025191675794085232,0.002631578947368624,0.18524096385542121,19
2023-01-31,-0.015452193357539112,-0.009266026405719056,-0.02138414534051232,-0.02266117814169468,-0.016656219028400268,-0.01944770732622058,0.0028039228177215545,0.008130081300812804,0.012195121951219435,-0.011235955056179704,-5.204170427930421e-18,-0.08767471410419368,21
2023-02-28,0.017826464700817498,0.02580696798997758,0.020034993647385868,0.018043524943112524,0.013537773457298634,0.021305989125649943,0.015914092643245892,0.008064516129032088,0.016064257028112715,0.03409090909090917,0.0039370078740152605,0.022284122562674265,20
2023-03-31,0.0016788643077175391,-0.009836137945169956,-0.0045164293671571725,-0.008607623104814508,0.0012109612133585587,0.018157962311293598,0.0010565093824399243,0.024000000000000275,0.03952569169960473,-3.1571967262777884e-16,-0.07189542483660138,3.434752482434079e-16,23
2023-04-30,-0.006547916986845087,-0.022054720150985484,0.0046236797468482815,-0.011168107413823321,-0.00999974877640649,0.010669573507021496,-0.026765170579238,-0.05078125,0.011406844106463797,0.0065934065934064885,-0.07464788732394398,0.07629427792915557,17
2023-05-31,-0.08544364726569154,-0.10897959066948816,-0.09172700133987677,-0.08639425365238687,-0.063520686017573,-0.09974836662186051,-0.08715876905616182,-0.0658436213991772,-0.0902255639097746,-0.17248908296943208,-0.0319634703196347,-0.08860759493670874,22
2023-06-30,0.011150042812843115,-0.005129582378304846,0.0038569548531689262,0.01169164364624266,0.011345111581432697,0.03461241794085781,-0.00562496749184652,0.03964757709251129,0.00826446280991702,0.009234828496042256,-0.07861635220125765,0.07916666666666652,20
2023-07-31,0.012008255208940716,0.021704308586296878,0.003308864780610699,0.021149885127831985,-0.00351326698828623,0.02155570321161519,0.017319951343336096,0.04661016949152505,-0.024590163934426368,0.07189542483660175,-0.027303754266211535,-0.010296010296010323,21
2023-08-31,-0.05347198897653598,-0.07077322378539039,-0.05397246196542608,-0.061662510731413066,-0.054191176711167126,-0.022188069187817558,-0.07519893934491409,-0.05263157894736854,-0.021008403361344765,-0.05243902439024409,-0.17192982456140343,0.03250975292587741,23
2023-09-30,-0.04327192302230499,-0.07233166842999995,-0.05892146149131246,-0.05709116787384086,-0.032787521687293625,-0.024373734325876542,-0.04302376088705628,0.021367521367521333,0.012875536480686692,-0.08494208494208501,-0.11652542372881357,-0.04659949622166261,21
2023-10-31,-0.02760656951033862,0.0011540627381862866,-0.026249912524063286,-0.03245647476076741,-0.047796148623984264,0.008401992175281087,-0.039271108590674196,-0.0334728033472803,-0.008474576271186373,0.05625879043600609,-0.16067146282973624,0.01849405548216648,20
2023-11-30,0.0009115806621496516,0.003950197801179111,0.010840077573976632,0.006775991395045925,0.007648870277950281,-0.01915544698199753,-0.0023986733891280644,-0.04069264069264079,-0.026495726495726513,-0.027962716378162607,0.07714285714285668,0.008819714656290757,21
2023-12-31,0.02298374106247467,0.0057298395592568045,0.0198002563271925,0.028295181496491406,0.049342334581086104,-0.009928280481996133,0.02768774619874561,0.0333935018050542,0.0008779631255491859,-0.07808219178082203,0.16180371352785164,0.0015428130624840866,18
2024-01-31,0.01778240461302251,0.03800351908786402,0.016485328930480988,0.006718473351311358,-0.008681549257635111,0.04389071202254768,0.030914288884165704,0.021834061135371025,0.06140350877192989,0.12927191679049044,-0.08219178082191783,-0.0346598202824137,22
2024-02-29,0.0629721232830077,0.056679202935104846,0.05386596469687378,0.05972718233630039,0.06213564308322828,0.07078181550537581,0.06793176104498029,0.09829059829059845,0.07438016528925605,0.06447368421052604,0.029850746268656404,0.04122340425531912,21
2024-03-31,0.19345018735073033,0.23640244693759768,0.221197889343732,0.20240100236394037,0.20019477546065728,0.13244530487103923,0.2115814242755488,0.08560311284046644,0.15384615384615385,0.1656365883807167,0.4516908212560391,0.11877394636015312,20
2024-04-30,-0.0542698523526934,-0.0691723213614403,-0.06477047274776258,-0.024688277811814183,-0.0438860672729904,-0.06752761184089659,-0.07062232279294593,-0.014336917562724035,-0.17000000000000023,-0.0975609756097558,-0.003327787021630961,0.011415525114155145,20
2024-05-31,0.04955467132426992,0.08956902303063478,0.060509282408969814,0.04062739050819573,0.05491900249362002,0.015970539364942915,0.0753705889159533,1.7347234759768076e-16,0.08433734939759052,0.022326674500587552,0.18697829716193645,-0.05191873589164805,21
2024-06-30,-0.0424398560062632,-0.06303795147122444,-0.057214026187577274,-0.038376724723272054,-0.045949654091098004,-0.022464744151624146,-0.04819541884044,0.01818181818181848,-0.05925925925925952,-0.02873563218390828,-0.1209563994374122,-0.021428571428571644,19
2024-07-31,-0.016788392485944357,-0.020725981430835542,-0.022055442893161963,-0.021444460847685413,-0.010780077512358908,-0.015433061825922498,-0.014520693045763132,0.0035714285714281008,-3.781697177629439e-16,-0.04142011834319506,-0.024000000000000167,-0.026763990267639988,23
2024-08-31,0.04422480903205756,0.03125312832068738,0.05066217695469341,0.038452309937747745,0.05147661969634824,0.04423424210076183,0.03594549186447238,0.01779359430604922,0.06692913385826778,0.013580246913579834,0.040983606557376644,0.0762500000000001,22
2024-09-30,0.02471117330144708,0.051044577707407904,0.035309044026595626,0.034608322216961335,0.013667843997835289,0.007663253324810594,0.03213772092061058,-0.017482517482517494,-0.014760147601476297,0.06820950060901361,0.09291338582677228,-0.008130081300813054,21
2024-10-31,0.0740803563423091,0.08964619507875912,0.0700742639483469,0.07842528109960871,0.07220610720822998,0.06502307511180296,0.08433324206016192,0.08896797153024888,0.05617977528089866,0.07867730900798174,0.1095100864553313,0.03161592505854785,21
2024-11-30,-0.021614843202974653,-0.019044007717546267,-0.02154704267551474,-0.021861985046164583,-0.015198957558156739,-0.02662401754822012,-0.023324181547736276,-0.022875816993463867,-0.021276595744680948,-0.048625792811838986,-0.0025974025974024725,-0.020431328036322242,20
2024-12-31,0.1346866757016409,0.09102101182292603,0.11675666904372806,0.12056248919822646,0.1499949588901713,0.14759587480369357,0.138496746055616,0.2073578595317728,0.19202898550724648,0.07333333333333344,0.08333333333333386,0.11703360370799509,19
2025-01-31,0.0039539464026413776,-0.0028790269000000435,0.005643066084912731,0.0028061209463223114,0.010261407286718328,-0.002293328331687724,0.0028471218216443396,-0.005540166204986533,0.006079027355623109,-0.022774327122153097,0.027644230769230872,0.006224066390041577,22
2025-02-28,0.03991269317691862,0.038652015045520106,0.035129541902367716,0.045082861850790794,0.041790475059586475,0.03678619754388475,0.04054598167112706,0.0584958217270197,0.018126888217522917,0.03177966101694879,0.05146198830409339,0.03608247422680403,20
2025-03-31,-0.018490827001834655,-0.04174826225265603,-0.023322542430664513,-0.011582261529277044,-0.015163463710101317,-0.00836660834393011,-0.034554620974251625,2.1857515797307774e-16,-0.050445103857566745,-0.03285420944558521,-0.06229143492769736,0.044776119402984975,20
2025-04-30,-0.04505271985676758,-0.061093741586980936,-0.04603739560080945,-0.0317045964425614,-0.04919603560176396,-0.035604922545541526,-0.06325449388619231,-0.0447368421052632,-0.09999999999999998,-0.029723991507430936,-0.08778173190984567,0.02857142857142802,20
2025-05-31,0.027756227402025904,0.027785067380831887,0.03215253503497035,0.015191329889822584,0.04879101883453155,0.011010311724965964,0.031136315995676334,0.008264462809917723,0.07638888888888866,-0.05798687089715546,0.09492847854356305,0.009259259259259316,21
2025-06-30,0.1081189361831584,0.12044194300331883,0.12316871418815561,0.09640337544818997,0.10072315799239931,0.10815595888959345,0.11201776710412234,0.04918032786885312,0.1548387096774193,0.13588850174216033,0.10688836104513104,0.09174311926605488,19
2025-07-31,0.025309852901867533,0.019081126980264942,0.02766135455820551,0.04468694958077465,0.023147538101393052,0.027027937393649764,0.004154094741873777,0.015625000000000142,-0.05027932960893855,0.0327198364008181,0.017167381974249156,0.11344537815126035,23
2025-08-31,0.05974992998755394,0.11206584397740364,0.06690620375003645,0.06274685636816568,0.04754800418562421,0.03901227466926128,0.08267550781717639,0.030769230769230913,0.047058823529411584,0.10891089108910863,0.1445147679324893,-0.030188679245282943,21
2025-09-30,0.08805023294083923,0.0501967929433174,0.09130318224502783,0.05902098317787326,0.10099925432684116,0.0976802787225606,0.09048080980530422,0.06965174129353192,0.20224719101123564,0.0357142857142858,0.04608294930875579,0.0739299610894941,22
2025-10-31,0.11110456236839863,0.09701277978982607,0.12132735226934747,0.14404894432547763,0.10295919851909145,0.1176722679914229,0.0696892778024025,0.06976744186046546,-0.014018691588785393,0.14224137931034495,0.08370044052863408,0.27536231884057977,20
2025-11-30,-0.021009638544109914,-0.03467426843972478,-0.015250566564664038,-0.04833171515602385,-0.01345508241707624,-0.01594581461199895,-0.012925916477267714,-0.0500000000000001,0.08530805687203737,-0.05283018867924539,-0.04471544715447161,-0.056818181818182004,20
2025-12-31,0.07583302266403079,0.08941081888550696,0.06181566567361853,0.0823600090077495,0.07855289377013354,0.06482976999440095,0.09110061862958432,0.13043478260869543,0.04585152838427964,0.06374501992031856,0.11914893617021272,0.012048192771084414,20
2026-01-31,0.0774721955014065,0.02841413405348458,0.06396380705820139,0.06267029448218644,0.09654480563708996,0.09439044575898944,0.06957592048451008,0.13157894736842105,0.13569937369519777,0.0037453183520601723,0.011406844106464024,0.10119047619047572,21
2026-02-28,0.1161846907156183,0.15460706733924615,0.10685547086924528,0.126737946280148,0.10660015954083543,0.09430409460670025,0.14670759772004324,0.152057245080501,0.07352941176470609,0.15298507462686553,0.20676691729323304,-3.469446951953614e-18,20
2026-03-31,-0.09336749103232281,-0.11215616443073312,-0.08898958112827,-0.09848384268920583,-0.09032385019634293,-0.07761192979126608,-0.11164208268079798,-0.11335403726708092,-0.07534246575342515,-0.10679611650485436,-0.1557632398753896,-0.018918918918918646,21
2026-04-30,0.051371743275243915,0.04252835937478798,0.04696828376842127,0.025560520130380085,0.0477939195869131,0.06738191830611732,0.06949999464588054,0.06830122591944009,0.15925925925925902,0.06521739130434762,-0.011070110701106799,-0.019283746556473778,20
2026-05-31,-0.0073989969863313305,0.0012779533406050464,0.004681802543794226,-0.016099592062009924,-0.012752360741090837,-0.00854791562013598,-0.004773789746865674,-0.057377049180327884,0.025559105431309667,0.010204081632653272,-0.0037313432835822742,-0.019662921348314703,19
2026-06-30,0.0902346553087615,0.09786567841582607,0.08364486950970763,0.09392441264504005,0.09564713785309352,0.0755871240898447,0.10217763679586526,0.11478260869565177,0.07320872274143327,0.06734006734006759,0.14981273408239723,0.04297994269341005,20
