"Date","Debt_type","Value (%)","Source"
"1/1/2021","Central Bank Rate","7.00%","Rock Investment Bank | Licensed to kironjiemmanuel@gmail.com | Ref RIB-4D40D7D40B0F | 10/7/2026, 11:14:19 AM | Confidential - redistribution prohibited"
"2/1/2021","Central Bank Rate","7.00%","Rock Investment Bank | Licensed to kironjiemmanuel@gmail.com | Ref RIB-4D40D7D40B0F | 10/7/2026, 11:14:19 AM | Confidential - redistribution prohibited"
"3/1/2021","Central Bank Rate","7.00%","Rock Investment Bank | Licensed to kironjiemmanuel@gmail.com | Ref RIB-4D40D7D40B0F | 10/7/2026, 11:14:19 AM | Confidential - redistribution prohibited"
"4/1/2021","Central Bank Rate","7.00%","Rock Investment Bank | Licensed to kironjiemmanuel@gmail.com | Ref RIB-4D40D7D40B0F | 10/7/2026, 11:14:19 AM | Confidential - redistribution prohibited"
"5/1/2021","Central Bank Rate","7.00%","Rock Investment Bank | Licensed to kironjiemmanuel@gmail.com | Ref RIB-4D40D7D40B0F | 10/7/2026, 11:14:19 AM | Confidential - redistribution prohibited"
"6/1/2021","Central Bank Rate","7.00%","Rock Investment Bank | Licensed to kironjiemmanuel@gmail.com | Ref RIB-4D40D7D40B0F | 10/7/2026, 11:14:19 AM | Confidential - redistribution prohibited"
"7/1/2021","Central Bank Rate","7.00%","Rock Investment Bank | Licensed to kironjiemmanuel@gmail.com | Ref RIB-4D40D7D40B0F | 10/7/2026, 11:14:19 AM | Confidential - redistribution prohibited"
"8/1/2021","Central Bank Rate","7.00%","Rock Investment Bank | Licensed to kironjiemmanuel@gmail.com | Ref RIB-4D40D7D40B0F | 10/7/2026, 11:14:19 AM | Confidential - redistribution prohibited"
"9/1/2021","Central Bank Rate","7.00%","Rock Investment Bank | Licensed to kironjiemmanuel@gmail.com | Ref RIB-4D40D7D40B0F | 10/7/2026, 11:14:19 AM | Confidential - redistribution prohibited"
"10/1/2021","Central Bank Rate","7.00%","Rock Investment Bank | Licensed to kironjiemmanuel@gmail.com | Ref RIB-4D40D7D40B0F | 10/7/2026, 11:14:19 AM | Confidential - redistribution prohibited"
"11/1/2021","Central Bank Rate","7.00%","Rock Investment Bank | Licensed to kironjiemmanuel@gmail.com | Ref RIB-4D40D7D40B0F | 10/7/2026, 11:14:19 AM | Confidential - redistribution prohibited"
"12/1/2021","Central Bank Rate","7.00%","Rock Investment Bank | Licensed to kironjiemmanuel@gmail.com | Ref RIB-4D40D7D40B0F | 10/7/2026, 11:14:19 AM | Confidential - redistribution prohibited"
"1/1/2022","Central Bank Rate","7.00%","Rock Investment Bank | Licensed to kironjiemmanuel@gmail.com | Ref RIB-4D40D7D40B0F | 10/7/2026, 11:14:19 AM | Confidential - redistribution prohibited"
"2/1/2022","Central Bank Rate","7.00%","Rock Investment Bank | Licensed to kironjiemmanuel@gmail.com | Ref RIB-4D40D7D40B0F | 10/7/2026, 11:14:19 AM | Confidential - redistribution prohibited"
"3/1/2022","Central Bank Rate","7.00%","Rock Investment Bank | Licensed to kironjiemmanuel@gmail.com | Ref RIB-4D40D7D40B0F | 10/7/2026, 11:14:19 AM | Confidential - redistribution prohibited"
"4/1/2022","Central Bank Rate","7.00%","Rock Investment Bank | Licensed to kironjiemmanuel@gmail.com | Ref RIB-4D40D7D40B0F | 10/7/2026, 11:14:19 AM | Confidential - redistribution prohibited"
"5/1/2022","Central Bank Rate","7.50%","Rock Investment Bank | Licensed to kironjiemmanuel@gmail.com | Ref RIB-4D40D7D40B0F | 10/7/2026, 11:14:19 AM | Confidential - redistribution prohibited"
"6/1/2022","Central Bank Rate","7.50%","Rock Investment Bank | Licensed to kironjiemmanuel@gmail.com | Ref RIB-4D40D7D40B0F | 10/7/2026, 11:14:19 AM | Confidential - redistribution prohibited"
"7/1/2022","Central Bank Rate","7.50%","Rock Investment Bank | Licensed to kironjiemmanuel@gmail.com | Ref RIB-4D40D7D40B0F | 10/7/2026, 11:14:19 AM | Confidential - redistribution prohibited"
"8/1/2022","Central Bank Rate","7.50%","Rock Investment Bank | Licensed to kironjiemmanuel@gmail.com | Ref RIB-4D40D7D40B0F | 10/7/2026, 11:14:19 AM | Confidential - redistribution prohibited"
"9/1/2022","Central Bank Rate","8.25%","Rock Investment Bank | Licensed to kironjiemmanuel@gmail.com | Ref RIB-4D40D7D40B0F | 10/7/2026, 11:14:19 AM | Confidential - redistribution prohibited"
"10/1/2022","Central Bank Rate","8.25%","Rock Investment Bank | Licensed to kironjiemmanuel@gmail.com | Ref RIB-4D40D7D40B0F | 10/7/2026, 11:14:19 AM | Confidential - redistribution prohibited"
"11/1/2022","Central Bank Rate","8.75%","Rock Investment Bank | Licensed to kironjiemmanuel@gmail.com | Ref RIB-4D40D7D40B0F | 10/7/2026, 11:14:19 AM | Confidential - redistribution prohibited"
"12/1/2022","Central Bank Rate","8.75%","Rock Investment Bank | Licensed to kironjiemmanuel@gmail.com | Ref RIB-4D40D7D40B0F | 10/7/2026, 11:14:19 AM | Confidential - redistribution prohibited"
"1/1/2023","Central Bank Rate","8.75%","Rock Investment Bank | Licensed to kironjiemmanuel@gmail.com | Ref RIB-4D40D7D40B0F | 10/7/2026, 11:14:19 AM | Confidential - redistribution prohibited"
"2/1/2023","Central Bank Rate","8.75%","Rock Investment Bank | Licensed to kironjiemmanuel@gmail.com | Ref RIB-4D40D7D40B0F | 10/7/2026, 11:14:19 AM | Confidential - redistribution prohibited"
"3/1/2023","Central Bank Rate","8.75%","Rock Investment Bank | Licensed to kironjiemmanuel@gmail.com | Ref RIB-4D40D7D40B0F | 10/7/2026, 11:14:19 AM | Confidential - redistribution prohibited"
"4/1/2023","Central Bank Rate","9.50%","Rock Investment Bank | Licensed to kironjiemmanuel@gmail.com | Ref RIB-4D40D7D40B0F | 10/7/2026, 11:14:19 AM | Confidential - redistribution prohibited"
"5/1/2023","Central Bank Rate","9.50%","Rock Investment Bank | Licensed to kironjiemmanuel@gmail.com | Ref RIB-4D40D7D40B0F | 10/7/2026, 11:14:19 AM | Confidential - redistribution prohibited"
"6/1/2023","Central Bank Rate","9.50%","Rock Investment Bank | Licensed to kironjiemmanuel@gmail.com | Ref RIB-4D40D7D40B0F | 10/7/2026, 11:14:19 AM | Confidential - redistribution prohibited"
"7/1/2023","Central Bank Rate","10.50%","Rock Investment Bank | Licensed to kironjiemmanuel@gmail.com | Ref RIB-4D40D7D40B0F | 10/7/2026, 11:14:19 AM | Confidential - redistribution prohibited"
"8/1/2023","Central Bank Rate","10.50%","Rock Investment Bank | Licensed to kironjiemmanuel@gmail.com | Ref RIB-4D40D7D40B0F | 10/7/2026, 11:14:19 AM | Confidential - redistribution prohibited"
"9/1/2023","Central Bank Rate","10.50%","Rock Investment Bank | Licensed to kironjiemmanuel@gmail.com | Ref RIB-4D40D7D40B0F | 10/7/2026, 11:14:19 AM | Confidential - redistribution prohibited"
"10/1/2023","Central Bank Rate","10.50%","Rock Investment Bank | Licensed to kironjiemmanuel@gmail.com | Ref RIB-4D40D7D40B0F | 10/7/2026, 11:14:19 AM | Confidential - redistribution prohibited"
"11/1/2023","Central Bank Rate","10.50%","Rock Investment Bank | Licensed to kironjiemmanuel@gmail.com | Ref RIB-4D40D7D40B0F | 10/7/2026, 11:14:19 AM | Confidential - redistribution prohibited"
"12/1/2023","Central Bank Rate","12.50%","Rock Investment Bank | Licensed to kironjiemmanuel@gmail.com | Ref RIB-4D40D7D40B0F | 10/7/2026, 11:14:19 AM | Confidential - redistribution prohibited"
"1/1/2024","Central Bank Rate","12.50%","Rock Investment Bank | Licensed to kironjiemmanuel@gmail.com | Ref RIB-4D40D7D40B0F | 10/7/2026, 11:14:19 AM | Confidential - redistribution prohibited"
"2/1/2024","Central Bank Rate","13.00%","Rock Investment Bank | Licensed to kironjiemmanuel@gmail.com | Ref RIB-4D40D7D40B0F | 10/7/2026, 11:14:19 AM | Confidential - redistribution prohibited"
"3/1/2024","Central Bank Rate","13.00%","Rock Investment Bank | Licensed to kironjiemmanuel@gmail.com | Ref RIB-4D40D7D40B0F | 10/7/2026, 11:14:19 AM | Confidential - redistribution prohibited"
"4/1/2024","Central Bank Rate","13.00%","Rock Investment Bank | Licensed to kironjiemmanuel@gmail.com | Ref RIB-4D40D7D40B0F | 10/7/2026, 11:14:19 AM | Confidential - redistribution prohibited"
"5/1/2024","Central Bank Rate","13.00%","Rock Investment Bank | Licensed to kironjiemmanuel@gmail.com | Ref RIB-4D40D7D40B0F | 10/7/2026, 11:14:19 AM | Confidential - redistribution prohibited"
"6/1/2024","Central Bank Rate","13.00%","Rock Investment Bank | Licensed to kironjiemmanuel@gmail.com | Ref RIB-4D40D7D40B0F | 10/7/2026, 11:14:19 AM | Confidential - redistribution prohibited"
"7/1/2024","Central Bank Rate","13.00%","Rock Investment Bank | Licensed to kironjiemmanuel@gmail.com | Ref RIB-4D40D7D40B0F | 10/7/2026, 11:14:19 AM | Confidential - redistribution prohibited"
"8/1/2024","Central Bank Rate","12.75%","Rock Investment Bank | Licensed to kironjiemmanuel@gmail.com | Ref RIB-4D40D7D40B0F | 10/7/2026, 11:14:19 AM | Confidential - redistribution prohibited"
"9/1/2024","Central Bank Rate","12.75%","Rock Investment Bank | Licensed to kironjiemmanuel@gmail.com | Ref RIB-4D40D7D40B0F | 10/7/2026, 11:14:19 AM | Confidential - redistribution prohibited"
"10/1/2024","Central Bank Rate","12.00%","Rock Investment Bank | Licensed to kironjiemmanuel@gmail.com | Ref RIB-4D40D7D40B0F | 10/7/2026, 11:14:19 AM | Confidential - redistribution prohibited"
"11/1/2024","Central Bank Rate","12.00%","Rock Investment Bank | Licensed to kironjiemmanuel@gmail.com | Ref RIB-4D40D7D40B0F | 10/7/2026, 11:14:19 AM | Confidential - redistribution prohibited"
"12/1/2024","Central Bank Rate","11.25%","Rock Investment Bank | Licensed to kironjiemmanuel@gmail.com | Ref RIB-4D40D7D40B0F | 10/7/2026, 11:14:19 AM | Confidential - redistribution prohibited"
"1/1/2025","Central Bank Rate","11.25%","Rock Investment Bank | Licensed to kironjiemmanuel@gmail.com | Ref RIB-4D40D7D40B0F | 10/7/2026, 11:14:19 AM | Confidential - redistribution prohibited"
"2/1/2025","Central Bank Rate","10.75%","Rock Investment Bank | Licensed to kironjiemmanuel@gmail.com | Ref RIB-4D40D7D40B0F | 10/7/2026, 11:14:19 AM | Confidential - redistribution prohibited"
"3/1/2025","Central Bank Rate","10.75%","Rock Investment Bank | Licensed to kironjiemmanuel@gmail.com | Ref RIB-4D40D7D40B0F | 10/7/2026, 11:14:19 AM | Confidential - redistribution prohibited"
"4/1/2025","Central Bank Rate","10.00%","Rock Investment Bank | Licensed to kironjiemmanuel@gmail.com | Ref RIB-4D40D7D40B0F | 10/7/2026, 11:14:19 AM | Confidential - redistribution prohibited"
"5/1/2025","Central Bank Rate","10.00%","Rock Investment Bank | Licensed to kironjiemmanuel@gmail.com | Ref RIB-4D40D7D40B0F | 10/7/2026, 11:14:19 AM | Confidential - redistribution prohibited"
"6/1/2025","Central Bank Rate","9.75%","Rock Investment Bank | Licensed to kironjiemmanuel@gmail.com | Ref RIB-4D40D7D40B0F | 10/7/2026, 11:14:19 AM | Confidential - redistribution prohibited"
"7/1/2025","Central Bank Rate","9.75%","Rock Investment Bank | Licensed to kironjiemmanuel@gmail.com | Ref RIB-4D40D7D40B0F | 10/7/2026, 11:14:19 AM | Confidential - redistribution prohibited"
"8/1/2025","Central Bank Rate","9.50%","Rock Investment Bank | Licensed to kironjiemmanuel@gmail.com | Ref RIB-4D40D7D40B0F | 10/7/2026, 11:14:19 AM | Confidential - redistribution prohibited"
"9/1/2025","Central Bank Rate","9.50%","Rock Investment Bank | Licensed to kironjiemmanuel@gmail.com | Ref RIB-4D40D7D40B0F | 10/7/2026, 11:14:19 AM | Confidential - redistribution prohibited"
"10/1/2025","Central Bank Rate","9.25%","Rock Investment Bank | Licensed to kironjiemmanuel@gmail.com | Ref RIB-4D40D7D40B0F | 10/7/2026, 11:14:19 AM | Confidential - redistribution prohibited"
"11/1/2025","Central Bank Rate","9.25%","Rock Investment Bank | Licensed to kironjiemmanuel@gmail.com | Ref RIB-4D40D7D40B0F | 10/7/2026, 11:14:19 AM | Confidential - redistribution prohibited"
"12/1/2025","Central Bank Rate","9.00%","Rock Investment Bank | Licensed to kironjiemmanuel@gmail.com | Ref RIB-4D40D7D40B0F | 10/7/2026, 11:14:19 AM | Confidential - redistribution prohibited"
"1/1/2026","Central Bank Rate","9.00%","Rock Investment Bank | Licensed to kironjiemmanuel@gmail.com | Ref RIB-4D40D7D40B0F | 10/7/2026, 11:14:19 AM | Confidential - redistribution prohibited"
"2/1/2026","Central Bank Rate","8.75%","Rock Investment Bank | Licensed to kironjiemmanuel@gmail.com | Ref RIB-4D40D7D40B0F | 10/7/2026, 11:14:19 AM | Confidential - redistribution prohibited"
"3/1/2026","Central Bank Rate","8.75%","Rock Investment Bank | Licensed to kironjiemmanuel@gmail.com | Ref RIB-4D40D7D40B0F | 10/7/2026, 11:14:19 AM | Confidential - redistribution prohibited"
"4/1/2026","Central Bank Rate","8.75%","Rock Investment Bank | Licensed to kironjiemmanuel@gmail.com | Ref RIB-4D40D7D40B0F | 10/7/2026, 11:14:19 AM | Confidential - redistribution prohibited"
"5/1/2026","Central Bank Rate","8.75%","Rock Investment Bank | Licensed to kironjiemmanuel@gmail.com | Ref RIB-4D40D7D40B0F | 10/7/2026, 11:14:19 AM | Confidential - redistribution prohibited"
"6/1/2026","Central Bank Rate","8.75%","Rock Investment Bank | Licensed to kironjiemmanuel@gmail.com | Ref RIB-4D40D7D40B0F | 10/7/2026, 11:14:19 AM | Confidential - redistribution prohibited"