"Date","Category","Rate (%)","Source"
"Jun 29, 2026","Core Inflation","3.10%","Rock Investment Bank | Licensed to kironjiemmanuel@gmail.com | Ref RIB-E4E57B0BAA84 | 10/7/2026, 11:12:15 AM | Confidential - redistribution prohibited"
"May 29, 2026","Core Inflation","3.20%","Rock Investment Bank | Licensed to kironjiemmanuel@gmail.com | Ref RIB-E4E57B0BAA84 | 10/7/2026, 11:12:15 AM | Confidential - redistribution prohibited"
"Apr 28, 2026","Core Inflation","2.80%","Rock Investment Bank | Licensed to kironjiemmanuel@gmail.com | Ref RIB-E4E57B0BAA84 | 10/7/2026, 11:12:15 AM | Confidential - redistribution prohibited"
"Mar 28, 2026","Core Inflation","2.10%","Rock Investment Bank | Licensed to kironjiemmanuel@gmail.com | Ref RIB-E4E57B0BAA84 | 10/7/2026, 11:12:15 AM | Confidential - redistribution prohibited"
"Feb 28, 2026","Core Inflation","2.10%","Rock Investment Bank | Licensed to kironjiemmanuel@gmail.com | Ref RIB-E4E57B0BAA84 | 10/7/2026, 11:12:15 AM | Confidential - redistribution prohibited"
"Jan 31, 2026","Core Inflation","2.20%","Rock Investment Bank | Licensed to kironjiemmanuel@gmail.com | Ref RIB-E4E57B0BAA84 | 10/7/2026, 11:12:15 AM | Confidential - redistribution prohibited"
"Dec 31, 2025","Core Inflation","2.00%","Rock Investment Bank | Licensed to kironjiemmanuel@gmail.com | Ref RIB-E4E57B0BAA84 | 10/7/2026, 11:12:15 AM | Confidential - redistribution prohibited"
"Nov 30, 2025","Core Inflation","2.30%","Rock Investment Bank | Licensed to kironjiemmanuel@gmail.com | Ref RIB-E4E57B0BAA84 | 10/7/2026, 11:12:15 AM | Confidential - redistribution prohibited"
"Oct 31, 2025","Core Inflation","2.70%","Rock Investment Bank | Licensed to kironjiemmanuel@gmail.com | Ref RIB-E4E57B0BAA84 | 10/7/2026, 11:12:15 AM | Confidential - redistribution prohibited"
"Sep 30, 2025","Core Inflation","2.90%","Rock Investment Bank | Licensed to kironjiemmanuel@gmail.com | Ref RIB-E4E57B0BAA84 | 10/7/2026, 11:12:15 AM | Confidential - redistribution prohibited"
"Aug 31, 2025","Core Inflation","3.00%","Rock Investment Bank | Licensed to kironjiemmanuel@gmail.com | Ref RIB-E4E57B0BAA84 | 10/7/2026, 11:12:15 AM | Confidential - redistribution prohibited"
"Jul 31, 2025","Core Inflation","3.10%","Rock Investment Bank | Licensed to kironjiemmanuel@gmail.com | Ref RIB-E4E57B0BAA84 | 10/7/2026, 11:12:15 AM | Confidential - redistribution prohibited"
"Jun 30, 2025","Core Inflation","3.00%","Rock Investment Bank | Licensed to kironjiemmanuel@gmail.com | Ref RIB-E4E57B0BAA84 | 10/7/2026, 11:12:15 AM | Confidential - redistribution prohibited"
"May 31, 2025","Core Inflation","2.80%","Rock Investment Bank | Licensed to kironjiemmanuel@gmail.com | Ref RIB-E4E57B0BAA84 | 10/7/2026, 11:12:15 AM | Confidential - redistribution prohibited"
"Apr 30, 2025","Core Inflation","2.50%","Rock Investment Bank | Licensed to kironjiemmanuel@gmail.com | Ref RIB-E4E57B0BAA84 | 10/7/2026, 11:12:15 AM | Confidential - redistribution prohibited"
"Mar 31, 2025","Core Inflation","2.30%","Rock Investment Bank | Licensed to kironjiemmanuel@gmail.com | Ref RIB-E4E57B0BAA84 | 10/7/2026, 11:12:15 AM | Confidential - redistribution prohibited"
"Feb 28, 2025","Core Inflation","2.00%","Rock Investment Bank | Licensed to kironjiemmanuel@gmail.com | Ref RIB-E4E57B0BAA84 | 10/7/2026, 11:12:15 AM | Confidential - redistribution prohibited"
"Jan 31, 2025","Core Inflation","2.00%","Rock Investment Bank | Licensed to kironjiemmanuel@gmail.com | Ref RIB-E4E57B0BAA84 | 10/7/2026, 11:12:15 AM | Confidential - redistribution prohibited"
"Dec 31, 2024","Core Inflation","2.20%","Rock Investment Bank | Licensed to kironjiemmanuel@gmail.com | Ref RIB-E4E57B0BAA84 | 10/7/2026, 11:12:15 AM | Confidential - redistribution prohibited"
"Nov 30, 2024","Core Inflation","2.10%","Rock Investment Bank | Licensed to kironjiemmanuel@gmail.com | Ref RIB-E4E57B0BAA84 | 10/7/2026, 11:12:15 AM | Confidential - redistribution prohibited"
"Oct 31, 2024","Core Inflation","1.80%","Rock Investment Bank | Licensed to kironjiemmanuel@gmail.com | Ref RIB-E4E57B0BAA84 | 10/7/2026, 11:12:15 AM | Confidential - redistribution prohibited"
"Sep 30, 2024","Core Inflation","2.00%","Rock Investment Bank | Licensed to kironjiemmanuel@gmail.com | Ref RIB-E4E57B0BAA84 | 10/7/2026, 11:12:15 AM | Confidential - redistribution prohibited"
"Aug 31, 2024","Core Inflation","2.20%","Rock Investment Bank | Licensed to kironjiemmanuel@gmail.com | Ref RIB-E4E57B0BAA84 | 10/7/2026, 11:12:15 AM | Confidential - redistribution prohibited"
"Jul 31, 2024","Core Inflation","2.20%","Rock Investment Bank | Licensed to kironjiemmanuel@gmail.com | Ref RIB-E4E57B0BAA84 | 10/7/2026, 11:12:15 AM | Confidential - redistribution prohibited"
"Jun 30, 2024","Core Inflation","2.80%","Rock Investment Bank | Licensed to kironjiemmanuel@gmail.com | Ref RIB-E4E57B0BAA84 | 10/7/2026, 11:12:15 AM | Confidential - redistribution prohibited"
"May 31, 2024","Core Inflation","3.40%","Rock Investment Bank | Licensed to kironjiemmanuel@gmail.com | Ref RIB-E4E57B0BAA84 | 10/7/2026, 11:12:15 AM | Confidential - redistribution prohibited"
"Apr 30, 2024","Core Inflation","4.30%","Rock Investment Bank | Licensed to kironjiemmanuel@gmail.com | Ref RIB-E4E57B0BAA84 | 10/7/2026, 11:12:15 AM | Confidential - redistribution prohibited"
"Mar 31, 2024","Core Inflation","4.80%","Rock Investment Bank | Licensed to kironjiemmanuel@gmail.com | Ref RIB-E4E57B0BAA84 | 10/7/2026, 11:12:15 AM | Confidential - redistribution prohibited"
"Feb 29, 2024","Core Inflation","5.10%","Rock Investment Bank | Licensed to kironjiemmanuel@gmail.com | Ref RIB-E4E57B0BAA84 | 10/7/2026, 11:12:15 AM | Confidential - redistribution prohibited"
"Jan 31, 2024","Core Inflation","4.80%","Rock Investment Bank | Licensed to kironjiemmanuel@gmail.com | Ref RIB-E4E57B0BAA84 | 10/7/2026, 11:12:15 AM | Confidential - redistribution prohibited"
"Dec 31, 2023","Core Inflation","3.40%","Rock Investment Bank | Licensed to kironjiemmanuel@gmail.com | Ref RIB-E4E57B0BAA84 | 10/7/2026, 11:12:15 AM | Confidential - redistribution prohibited"
"Nov 30, 2023","Core Inflation","3.30%","Rock Investment Bank | Licensed to kironjiemmanuel@gmail.com | Ref RIB-E4E57B0BAA84 | 10/7/2026, 11:12:15 AM | Confidential - redistribution prohibited"
"Oct 31, 2023","Core Inflation","3.60%","Rock Investment Bank | Licensed to kironjiemmanuel@gmail.com | Ref RIB-E4E57B0BAA84 | 10/7/2026, 11:12:15 AM | Confidential - redistribution prohibited"
"Sep 30, 2023","Core Inflation","3.70%","Rock Investment Bank | Licensed to kironjiemmanuel@gmail.com | Ref RIB-E4E57B0BAA84 | 10/7/2026, 11:12:15 AM | Confidential - redistribution prohibited"
"Aug 31, 2023","Core Inflation","3.70%","Rock Investment Bank | Licensed to kironjiemmanuel@gmail.com | Ref RIB-E4E57B0BAA84 | 10/7/2026, 11:12:15 AM | Confidential - redistribution prohibited"
"Jul 31, 2023","Core Inflation","3.80%","Rock Investment Bank | Licensed to kironjiemmanuel@gmail.com | Ref RIB-E4E57B0BAA84 | 10/7/2026, 11:12:15 AM | Confidential - redistribution prohibited"
"Jun 30, 2023","Core Inflation","4.10%","Rock Investment Bank | Licensed to kironjiemmanuel@gmail.com | Ref RIB-E4E57B0BAA84 | 10/7/2026, 11:12:15 AM | Confidential - redistribution prohibited"
"May 31, 2023","Core Inflation","4.30%","Rock Investment Bank | Licensed to kironjiemmanuel@gmail.com | Ref RIB-E4E57B0BAA84 | 10/7/2026, 11:12:15 AM | Confidential - redistribution prohibited"
"Apr 30, 2023","Core Inflation","4.10%","Rock Investment Bank | Licensed to kironjiemmanuel@gmail.com | Ref RIB-E4E57B0BAA84 | 10/7/2026, 11:12:15 AM | Confidential - redistribution prohibited"
"Mar 31, 2023","Core Inflation","4.40%","Rock Investment Bank | Licensed to kironjiemmanuel@gmail.com | Ref RIB-E4E57B0BAA84 | 10/7/2026, 11:12:15 AM | Confidential - redistribution prohibited"
"Feb 28, 2023","Core Inflation","4.40%","Rock Investment Bank | Licensed to kironjiemmanuel@gmail.com | Ref RIB-E4E57B0BAA84 | 10/7/2026, 11:12:15 AM | Confidential - redistribution prohibited"
"Jan 31, 2023","Core Inflation","4.30%","Rock Investment Bank | Licensed to kironjiemmanuel@gmail.com | Ref RIB-E4E57B0BAA84 | 10/7/2026, 11:12:15 AM | Confidential - redistribution prohibited"
"Dec 31, 2022","Core Inflation","4.10%","Rock Investment Bank | Licensed to kironjiemmanuel@gmail.com | Ref RIB-E4E57B0BAA84 | 10/7/2026, 11:12:15 AM | Confidential - redistribution prohibited"
"Nov 30, 2022","Core Inflation","4.20%","Rock Investment Bank | Licensed to kironjiemmanuel@gmail.com | Ref RIB-E4E57B0BAA84 | 10/7/2026, 11:12:15 AM | Confidential - redistribution prohibited"
"Oct 31, 2022","Core Inflation","3.80%","Rock Investment Bank | Licensed to kironjiemmanuel@gmail.com | Ref RIB-E4E57B0BAA84 | 10/7/2026, 11:12:15 AM | Confidential - redistribution prohibited"
"Sep 30, 2022","Core Inflation","3.40%","Rock Investment Bank | Licensed to kironjiemmanuel@gmail.com | Ref RIB-E4E57B0BAA84 | 10/7/2026, 11:12:15 AM | Confidential - redistribution prohibited"
"Aug 31, 2022","Core Inflation","3.20%","Rock Investment Bank | Licensed to kironjiemmanuel@gmail.com | Ref RIB-E4E57B0BAA84 | 10/7/2026, 11:12:15 AM | Confidential - redistribution prohibited"
"Jul 31, 2022","Core Inflation","2.90%","Rock Investment Bank | Licensed to kironjiemmanuel@gmail.com | Ref RIB-E4E57B0BAA84 | 10/7/2026, 11:12:15 AM | Confidential - redistribution prohibited"
"Jun 30, 2022","Core Inflation","2.20%","Rock Investment Bank | Licensed to kironjiemmanuel@gmail.com | Ref RIB-E4E57B0BAA84 | 10/7/2026, 11:12:15 AM | Confidential - redistribution prohibited"
"May 31, 2022","Core Inflation","2.20%","Rock Investment Bank | Licensed to kironjiemmanuel@gmail.com | Ref RIB-E4E57B0BAA84 | 10/7/2026, 11:12:15 AM | Confidential - redistribution prohibited"
"Apr 30, 2022","Core Inflation","2.50%","Rock Investment Bank | Licensed to kironjiemmanuel@gmail.com | Ref RIB-E4E57B0BAA84 | 10/7/2026, 11:12:15 AM | Confidential - redistribution prohibited"
"Mar 31, 2022","Core Inflation","2.20%","Rock Investment Bank | Licensed to kironjiemmanuel@gmail.com | Ref RIB-E4E57B0BAA84 | 10/7/2026, 11:12:15 AM | Confidential - redistribution prohibited"
"Feb 28, 2022","Core Inflation","2.00%","Rock Investment Bank | Licensed to kironjiemmanuel@gmail.com | Ref RIB-E4E57B0BAA84 | 10/7/2026, 11:12:15 AM | Confidential - redistribution prohibited"
"Jan 19, 2022","Core Inflation","2.00%","Rock Investment Bank | Licensed to kironjiemmanuel@gmail.com | Ref RIB-E4E57B0BAA84 | 10/7/2026, 11:12:15 AM | Confidential - redistribution prohibited"
"Dec 19, 2021","Core Inflation","2.00%","Rock Investment Bank | Licensed to kironjiemmanuel@gmail.com | Ref RIB-E4E57B0BAA84 | 10/7/2026, 11:12:15 AM | Confidential - redistribution prohibited"
"Nov 19, 2021","Core Inflation","1.90%","Rock Investment Bank | Licensed to kironjiemmanuel@gmail.com | Ref RIB-E4E57B0BAA84 | 10/7/2026, 11:12:15 AM | Confidential - redistribution prohibited"
"Oct 19, 2021","Core Inflation","2.20%","Rock Investment Bank | Licensed to kironjiemmanuel@gmail.com | Ref RIB-E4E57B0BAA84 | 10/7/2026, 11:12:15 AM | Confidential - redistribution prohibited"
"Sep 19, 2021","Core Inflation","2.70%","Rock Investment Bank | Licensed to kironjiemmanuel@gmail.com | Ref RIB-E4E57B0BAA84 | 10/7/2026, 11:12:15 AM | Confidential - redistribution prohibited"
"Aug 19, 2021","Core Inflation","2.60%","Rock Investment Bank | Licensed to kironjiemmanuel@gmail.com | Ref RIB-E4E57B0BAA84 | 10/7/2026, 11:12:15 AM | Confidential - redistribution prohibited"
"Jul 19, 2021","Core Inflation","2.90%","Rock Investment Bank | Licensed to kironjiemmanuel@gmail.com | Ref RIB-E4E57B0BAA84 | 10/7/2026, 11:12:15 AM | Confidential - redistribution prohibited"
"Jun 19, 2021","Core Inflation","2.60%","Rock Investment Bank | Licensed to kironjiemmanuel@gmail.com | Ref RIB-E4E57B0BAA84 | 10/7/2026, 11:12:15 AM | Confidential - redistribution prohibited"
"May 19, 2021","Core Inflation","2.40%","Rock Investment Bank | Licensed to kironjiemmanuel@gmail.com | Ref RIB-E4E57B0BAA84 | 10/7/2026, 11:12:15 AM | Confidential - redistribution prohibited"
"Apr 19, 2021","Core Inflation","2.30%","Rock Investment Bank | Licensed to kironjiemmanuel@gmail.com | Ref RIB-E4E57B0BAA84 | 10/7/2026, 11:12:15 AM | Confidential - redistribution prohibited"
"Mar 19, 2021","Core Inflation","2.30%","Rock Investment Bank | Licensed to kironjiemmanuel@gmail.com | Ref RIB-E4E57B0BAA84 | 10/7/2026, 11:12:15 AM | Confidential - redistribution prohibited"
"Feb 19, 2021","Core Inflation","2.20%","Rock Investment Bank | Licensed to kironjiemmanuel@gmail.com | Ref RIB-E4E57B0BAA84 | 10/7/2026, 11:12:15 AM | Confidential - redistribution prohibited"
"Jan 19, 2021","Core Inflation","2.40%","Rock Investment Bank | Licensed to kironjiemmanuel@gmail.com | Ref RIB-E4E57B0BAA84 | 10/7/2026, 11:12:15 AM | Confidential - redistribution prohibited"
"Dec 19, 2020","Core Inflation","2.60%","Rock Investment Bank | Licensed to kironjiemmanuel@gmail.com | Ref RIB-E4E57B0BAA84 | 10/7/2026, 11:12:15 AM | Confidential - redistribution prohibited"
"Nov 19, 2020","Core Inflation","2.70%","Rock Investment Bank | Licensed to kironjiemmanuel@gmail.com | Ref RIB-E4E57B0BAA84 | 10/7/2026, 11:12:15 AM | Confidential - redistribution prohibited"
"Oct 19, 2020","Core Inflation","2.20%","Rock Investment Bank | Licensed to kironjiemmanuel@gmail.com | Ref RIB-E4E57B0BAA84 | 10/7/2026, 11:12:15 AM | Confidential - redistribution prohibited"
"Sep 19, 2020","Core Inflation","1.70%","Rock Investment Bank | Licensed to kironjiemmanuel@gmail.com | Ref RIB-E4E57B0BAA84 | 10/7/2026, 11:12:15 AM | Confidential - redistribution prohibited"
"Aug 19, 2020","Core Inflation","1.90%","Rock Investment Bank | Licensed to kironjiemmanuel@gmail.com | Ref RIB-E4E57B0BAA84 | 10/7/2026, 11:12:15 AM | Confidential - redistribution prohibited"
"Jul 19, 2020","Core Inflation","1.60%","Rock Investment Bank | Licensed to kironjiemmanuel@gmail.com | Ref RIB-E4E57B0BAA84 | 10/7/2026, 11:12:15 AM | Confidential - redistribution prohibited"
"Jun 19, 2020","Core Inflation","1.80%","Rock Investment Bank | Licensed to kironjiemmanuel@gmail.com | Ref RIB-E4E57B0BAA84 | 10/7/2026, 11:12:15 AM | Confidential - redistribution prohibited"
"May 19, 2020","Core Inflation","1.80%","Rock Investment Bank | Licensed to kironjiemmanuel@gmail.com | Ref RIB-E4E57B0BAA84 | 10/7/2026, 11:12:15 AM | Confidential - redistribution prohibited"
"Apr 19, 2020","Core Inflation","1.80%","Rock Investment Bank | Licensed to kironjiemmanuel@gmail.com | Ref RIB-E4E57B0BAA84 | 10/7/2026, 11:12:15 AM | Confidential - redistribution prohibited"
"Mar 19, 2020","Core Inflation","1.80%","Rock Investment Bank | Licensed to kironjiemmanuel@gmail.com | Ref RIB-E4E57B0BAA84 | 10/7/2026, 11:12:15 AM | Confidential - redistribution prohibited"
"Feb 19, 2020","Core Inflation","2.10%","Rock Investment Bank | Licensed to kironjiemmanuel@gmail.com | Ref RIB-E4E57B0BAA84 | 10/7/2026, 11:12:15 AM | Confidential - redistribution prohibited"
"Jan 19, 2020","Core Inflation","2.00%","Rock Investment Bank | Licensed to kironjiemmanuel@gmail.com | Ref RIB-E4E57B0BAA84 | 10/7/2026, 11:12:15 AM | Confidential - redistribution prohibited"
"Dec 19, 2019","Core Inflation","2.00%","Rock Investment Bank | Licensed to kironjiemmanuel@gmail.com | Ref RIB-E4E57B0BAA84 | 10/7/2026, 11:12:15 AM | Confidential - redistribution prohibited"
"Nov 19, 2019","Core Inflation","2.60%","Rock Investment Bank | Licensed to kironjiemmanuel@gmail.com | Ref RIB-E4E57B0BAA84 | 10/7/2026, 11:12:15 AM | Confidential - redistribution prohibited"
"Oct 19, 2019","Core Inflation","2.60%","Rock Investment Bank | Licensed to kironjiemmanuel@gmail.com | Ref RIB-E4E57B0BAA84 | 10/7/2026, 11:12:15 AM | Confidential - redistribution prohibited"
"Sep 1, 2019","Core Inflation","2.40%","Rock Investment Bank | Licensed to kironjiemmanuel@gmail.com | Ref RIB-E4E57B0BAA84 | 10/7/2026, 11:12:15 AM | Confidential - redistribution prohibited"
"Aug 1, 2019","Core Inflation","3.75%","Rock Investment Bank | Licensed to kironjiemmanuel@gmail.com | Ref RIB-E4E57B0BAA84 | 10/7/2026, 11:12:15 AM | Confidential - redistribution prohibited"
"Jul 1, 2019","Core Inflation","3.80%","Rock Investment Bank | Licensed to kironjiemmanuel@gmail.com | Ref RIB-E4E57B0BAA84 | 10/7/2026, 11:12:15 AM | Confidential - redistribution prohibited"
"Jun 1, 2019","Core Inflation","3.90%","Rock Investment Bank | Licensed to kironjiemmanuel@gmail.com | Ref RIB-E4E57B0BAA84 | 10/7/2026, 11:12:15 AM | Confidential - redistribution prohibited"
"May 1, 2019","Core Inflation","3.80%","Rock Investment Bank | Licensed to kironjiemmanuel@gmail.com | Ref RIB-E4E57B0BAA84 | 10/7/2026, 11:12:15 AM | Confidential - redistribution prohibited"
"Apr 1, 2019","Core Inflation","3.90%","Rock Investment Bank | Licensed to kironjiemmanuel@gmail.com | Ref RIB-E4E57B0BAA84 | 10/7/2026, 11:12:15 AM | Confidential - redistribution prohibited"
"Mar 1, 2019","Core Inflation","4.40%","Rock Investment Bank | Licensed to kironjiemmanuel@gmail.com | Ref RIB-E4E57B0BAA84 | 10/7/2026, 11:12:15 AM | Confidential - redistribution prohibited"
"Feb 1, 2019","Core Inflation","4.10%","Rock Investment Bank | Licensed to kironjiemmanuel@gmail.com | Ref RIB-E4E57B0BAA84 | 10/7/2026, 11:12:15 AM | Confidential - redistribution prohibited"
"Jan 1, 2019","Core Inflation","4.70%","Rock Investment Bank | Licensed to kironjiemmanuel@gmail.com | Ref RIB-E4E57B0BAA84 | 10/7/2026, 11:12:15 AM | Confidential - redistribution prohibited"
"Dec 1, 2018","Core Inflation","4.70%","Rock Investment Bank | Licensed to kironjiemmanuel@gmail.com | Ref RIB-E4E57B0BAA84 | 10/7/2026, 11:12:15 AM | Confidential - redistribution prohibited"
"Nov 1, 2018","Core Inflation","4.70%","Rock Investment Bank | Licensed to kironjiemmanuel@gmail.com | Ref RIB-E4E57B0BAA84 | 10/7/2026, 11:12:15 AM | Confidential - redistribution prohibited"
"Oct 1, 2018","Core Inflation","4.70%","Rock Investment Bank | Licensed to kironjiemmanuel@gmail.com | Ref RIB-E4E57B0BAA84 | 10/7/2026, 11:12:15 AM | Confidential - redistribution prohibited"
"Sep 1, 2018","Core Inflation","4.70%","Rock Investment Bank | Licensed to kironjiemmanuel@gmail.com | Ref RIB-E4E57B0BAA84 | 10/7/2026, 11:12:15 AM | Confidential - redistribution prohibited"
"Aug 1, 2018","Core Inflation","4.20%","Rock Investment Bank | Licensed to kironjiemmanuel@gmail.com | Ref RIB-E4E57B0BAA84 | 10/7/2026, 11:12:15 AM | Confidential - redistribution prohibited"
"Jul 1, 2018","Core Inflation","4.00%","Rock Investment Bank | Licensed to kironjiemmanuel@gmail.com | Ref RIB-E4E57B0BAA84 | 10/7/2026, 11:12:15 AM | Confidential - redistribution prohibited"
"Jun 1, 2018","Core Inflation","3.60%","Rock Investment Bank | Licensed to kironjiemmanuel@gmail.com | Ref RIB-E4E57B0BAA84 | 10/7/2026, 11:12:15 AM | Confidential - redistribution prohibited"
"May 1, 2018","Core Inflation","3.90%","Rock Investment Bank | Licensed to kironjiemmanuel@gmail.com | Ref RIB-E4E57B0BAA84 | 10/7/2026, 11:12:15 AM | Confidential - redistribution prohibited"
"Apr 1, 2018","Core Inflation","4.00%","Rock Investment Bank | Licensed to kironjiemmanuel@gmail.com | Ref RIB-E4E57B0BAA84 | 10/7/2026, 11:12:15 AM | Confidential - redistribution prohibited"
"Mar 1, 2018","Core Inflation","3.80%","Rock Investment Bank | Licensed to kironjiemmanuel@gmail.com | Ref RIB-E4E57B0BAA84 | 10/7/2026, 11:12:15 AM | Confidential - redistribution prohibited"
"Feb 1, 2018","Core Inflation","3.60%","Rock Investment Bank | Licensed to kironjiemmanuel@gmail.com | Ref RIB-E4E57B0BAA84 | 10/7/2026, 11:12:15 AM | Confidential - redistribution prohibited"
"Jan 1, 2018","Core Inflation","3.50%","Rock Investment Bank | Licensed to kironjiemmanuel@gmail.com | Ref RIB-E4E57B0BAA84 | 10/7/2026, 11:12:15 AM | Confidential - redistribution prohibited"
"Dec 1, 2017","Core Inflation","3.10%","Rock Investment Bank | Licensed to kironjiemmanuel@gmail.com | Ref RIB-E4E57B0BAA84 | 10/7/2026, 11:12:15 AM | Confidential - redistribution prohibited"
"Nov 1, 2017","Core Inflation","2.70%","Rock Investment Bank | Licensed to kironjiemmanuel@gmail.com | Ref RIB-E4E57B0BAA84 | 10/7/2026, 11:12:15 AM | Confidential - redistribution prohibited"
"Oct 1, 2017","Core Inflation","3.00%","Rock Investment Bank | Licensed to kironjiemmanuel@gmail.com | Ref RIB-E4E57B0BAA84 | 10/7/2026, 11:12:15 AM | Confidential - redistribution prohibited"
"Sep 1, 2017","Core Inflation","3.50%","Rock Investment Bank | Licensed to kironjiemmanuel@gmail.com | Ref RIB-E4E57B0BAA84 | 10/7/2026, 11:12:15 AM | Confidential - redistribution prohibited"
"Aug 1, 2017","Core Inflation","3.90%","Rock Investment Bank | Licensed to kironjiemmanuel@gmail.com | Ref RIB-E4E57B0BAA84 | 10/7/2026, 11:12:15 AM | Confidential - redistribution prohibited"
"Jul 1, 2017","Core Inflation","4.10%","Rock Investment Bank | Licensed to kironjiemmanuel@gmail.com | Ref RIB-E4E57B0BAA84 | 10/7/2026, 11:12:15 AM | Confidential - redistribution prohibited"
"Jun 1, 2017","Core Inflation","4.20%","Rock Investment Bank | Licensed to kironjiemmanuel@gmail.com | Ref RIB-E4E57B0BAA84 | 10/7/2026, 11:12:15 AM | Confidential - redistribution prohibited"
"May 1, 2017","Core Inflation","4.30%","Rock Investment Bank | Licensed to kironjiemmanuel@gmail.com | Ref RIB-E4E57B0BAA84 | 10/7/2026, 11:12:15 AM | Confidential - redistribution prohibited"
"Apr 1, 2017","Core Inflation","4.30%","Rock Investment Bank | Licensed to kironjiemmanuel@gmail.com | Ref RIB-E4E57B0BAA84 | 10/7/2026, 11:12:15 AM | Confidential - redistribution prohibited"
"Mar 1, 2017","Core Inflation","4.50%","Rock Investment Bank | Licensed to kironjiemmanuel@gmail.com | Ref RIB-E4E57B0BAA84 | 10/7/2026, 11:12:15 AM | Confidential - redistribution prohibited"
"Feb 1, 2017","Core Inflation","3.70%","Rock Investment Bank | Licensed to kironjiemmanuel@gmail.com | Ref RIB-E4E57B0BAA84 | 10/7/2026, 11:12:15 AM | Confidential - redistribution prohibited"
"Jan 1, 2017","Core Inflation","4.50%","Rock Investment Bank | Licensed to kironjiemmanuel@gmail.com | Ref RIB-E4E57B0BAA84 | 10/7/2026, 11:12:15 AM | Confidential - redistribution prohibited"
"Dec 1, 2016","Core Inflation","4.60%","Rock Investment Bank | Licensed to kironjiemmanuel@gmail.com | Ref RIB-E4E57B0BAA84 | 10/7/2026, 11:12:15 AM | Confidential - redistribution prohibited"
"Nov 1, 2016","Core Inflation","5.50%","Rock Investment Bank | Licensed to kironjiemmanuel@gmail.com | Ref RIB-E4E57B0BAA84 | 10/7/2026, 11:12:15 AM | Confidential - redistribution prohibited"
"Oct 1, 2016","Core Inflation","5.40%","Rock Investment Bank | Licensed to kironjiemmanuel@gmail.com | Ref RIB-E4E57B0BAA84 | 10/7/2026, 11:12:15 AM | Confidential - redistribution prohibited"
"Sep 1, 2016","Core Inflation","5.10%","Rock Investment Bank | Licensed to kironjiemmanuel@gmail.com | Ref RIB-E4E57B0BAA84 | 10/7/2026, 11:12:15 AM | Confidential - redistribution prohibited"
"Aug 1, 2016","Core Inflation","5.00%","Rock Investment Bank | Licensed to kironjiemmanuel@gmail.com | Ref RIB-E4E57B0BAA84 | 10/7/2026, 11:12:15 AM | Confidential - redistribution prohibited"
"Jul 1, 2016","Core Inflation","4.90%","Rock Investment Bank | Licensed to kironjiemmanuel@gmail.com | Ref RIB-E4E57B0BAA84 | 10/7/2026, 11:12:15 AM | Confidential - redistribution prohibited"
"Jun 1, 2016","Core Inflation","5.01%","Rock Investment Bank | Licensed to kironjiemmanuel@gmail.com | Ref RIB-E4E57B0BAA84 | 10/7/2026, 11:12:15 AM | Confidential - redistribution prohibited"
"May 1, 2016","Core Inflation","5.41%","Rock Investment Bank | Licensed to kironjiemmanuel@gmail.com | Ref RIB-E4E57B0BAA84 | 10/7/2026, 11:12:15 AM | Confidential - redistribution prohibited"
"Apr 1, 2016","Core Inflation","5.85%","Rock Investment Bank | Licensed to kironjiemmanuel@gmail.com | Ref RIB-E4E57B0BAA84 | 10/7/2026, 11:12:15 AM | Confidential - redistribution prohibited"
"Mar 1, 2016","Core Inflation","6.05%","Rock Investment Bank | Licensed to kironjiemmanuel@gmail.com | Ref RIB-E4E57B0BAA84 | 10/7/2026, 11:12:15 AM | Confidential - redistribution prohibited"
"Feb 1, 2016","Core Inflation","5.89%","Rock Investment Bank | Licensed to kironjiemmanuel@gmail.com | Ref RIB-E4E57B0BAA84 | 10/7/2026, 11:12:15 AM | Confidential - redistribution prohibited"
"Jan 1, 2016","Core Inflation","5.49%","Rock Investment Bank | Licensed to kironjiemmanuel@gmail.com | Ref RIB-E4E57B0BAA84 | 10/7/2026, 11:12:15 AM | Confidential - redistribution prohibited"
"Dec 1, 2015","Core Inflation","5.60%","Rock Investment Bank | Licensed to kironjiemmanuel@gmail.com | Ref RIB-E4E57B0BAA84 | 10/7/2026, 11:12:15 AM | Confidential - redistribution prohibited"
"Nov 1, 2015","Core Inflation","4.80%","Rock Investment Bank | Licensed to kironjiemmanuel@gmail.com | Ref RIB-E4E57B0BAA84 | 10/7/2026, 11:12:15 AM | Confidential - redistribution prohibited"
"Oct 1, 2015","Core Inflation","4.80%","Rock Investment Bank | Licensed to kironjiemmanuel@gmail.com | Ref RIB-E4E57B0BAA84 | 10/7/2026, 11:12:15 AM | Confidential - redistribution prohibited"
"Sep 1, 2015","Core Inflation","4.70%","Rock Investment Bank | Licensed to kironjiemmanuel@gmail.com | Ref RIB-E4E57B0BAA84 | 10/7/2026, 11:12:15 AM | Confidential - redistribution prohibited"
"Aug 1, 2015","Core Inflation","4.60%","Rock Investment Bank | Licensed to kironjiemmanuel@gmail.com | Ref RIB-E4E57B0BAA84 | 10/7/2026, 11:12:15 AM | Confidential - redistribution prohibited"