"Maturity","Yield (%)","Source"
"91 Day","8.83","Rock Investment Bank | Licensed to kironjiemmanuel@gmail.com | Ref RIB-97887C189881 | 10/6/2026, 4:41:38 PM | Confidential - redistribution prohibited"
"182 Day","8.84","Rock Investment Bank | Licensed to kironjiemmanuel@gmail.com | Ref RIB-97887C189881 | 10/6/2026, 4:41:38 PM | Confidential - redistribution prohibited"
"1 Year","8.99","Rock Investment Bank | Licensed to kironjiemmanuel@gmail.com | Ref RIB-97887C189881 | 10/6/2026, 4:41:38 PM | Confidential - redistribution prohibited"
"2 Years","11.10","Rock Investment Bank | Licensed to kironjiemmanuel@gmail.com | Ref RIB-97887C189881 | 10/6/2026, 4:41:38 PM | Confidential - redistribution prohibited"
"3 Years","11.28","Rock Investment Bank | Licensed to kironjiemmanuel@gmail.com | Ref RIB-97887C189881 | 10/6/2026, 4:41:38 PM | Confidential - redistribution prohibited"
"4 Years","11.23","Rock Investment Bank | Licensed to kironjiemmanuel@gmail.com | Ref RIB-97887C189881 | 10/6/2026, 4:41:38 PM | Confidential - redistribution prohibited"
"5 Years","11.61","Rock Investment Bank | Licensed to kironjiemmanuel@gmail.com | Ref RIB-97887C189881 | 10/6/2026, 4:41:38 PM | Confidential - redistribution prohibited"
"6 Years","12.45","Rock Investment Bank | Licensed to kironjiemmanuel@gmail.com | Ref RIB-97887C189881 | 10/6/2026, 4:41:38 PM | Confidential - redistribution prohibited"
"7 Years","12.64","Rock Investment Bank | Licensed to kironjiemmanuel@gmail.com | Ref RIB-97887C189881 | 10/6/2026, 4:41:38 PM | Confidential - redistribution prohibited"
"8 Years","12.75","Rock Investment Bank | Licensed to kironjiemmanuel@gmail.com | Ref RIB-97887C189881 | 10/6/2026, 4:41:38 PM | Confidential - redistribution prohibited"
"9 Years","12.97","Rock Investment Bank | Licensed to kironjiemmanuel@gmail.com | Ref RIB-97887C189881 | 10/6/2026, 4:41:38 PM | Confidential - redistribution prohibited"
"10 Years","13.23","Rock Investment Bank | Licensed to kironjiemmanuel@gmail.com | Ref RIB-97887C189881 | 10/6/2026, 4:41:38 PM | Confidential - redistribution prohibited"
"11 Years","13.47","Rock Investment Bank | Licensed to kironjiemmanuel@gmail.com | Ref RIB-97887C189881 | 10/6/2026, 4:41:38 PM | Confidential - redistribution prohibited"
"12 Years","13.58","Rock Investment Bank | Licensed to kironjiemmanuel@gmail.com | Ref RIB-97887C189881 | 10/6/2026, 4:41:38 PM | Confidential - redistribution prohibited"
"13 Years","13.69","Rock Investment Bank | Licensed to kironjiemmanuel@gmail.com | Ref RIB-97887C189881 | 10/6/2026, 4:41:38 PM | Confidential - redistribution prohibited"
"14 Years","13.80","Rock Investment Bank | Licensed to kironjiemmanuel@gmail.com | Ref RIB-97887C189881 | 10/6/2026, 4:41:38 PM | Confidential - redistribution prohibited"
"15 Years","13.55","Rock Investment Bank | Licensed to kironjiemmanuel@gmail.com | Ref RIB-97887C189881 | 10/6/2026, 4:41:38 PM | Confidential - redistribution prohibited"
"16 Years","13.81","Rock Investment Bank | Licensed to kironjiemmanuel@gmail.com | Ref RIB-97887C189881 | 10/6/2026, 4:41:38 PM | Confidential - redistribution prohibited"
"17 Years","14.22","Rock Investment Bank | Licensed to kironjiemmanuel@gmail.com | Ref RIB-97887C189881 | 10/6/2026, 4:41:38 PM | Confidential - redistribution prohibited"
"18 Years","14.37","Rock Investment Bank | Licensed to kironjiemmanuel@gmail.com | Ref RIB-97887C189881 | 10/6/2026, 4:41:38 PM | Confidential - redistribution prohibited"
"19 Years","14.52","Rock Investment Bank | Licensed to kironjiemmanuel@gmail.com | Ref RIB-97887C189881 | 10/6/2026, 4:41:38 PM | Confidential - redistribution prohibited"
"20 Years","14.54","Rock Investment Bank | Licensed to kironjiemmanuel@gmail.com | Ref RIB-97887C189881 | 10/6/2026, 4:41:38 PM | Confidential - redistribution prohibited"
"21 Years","13.77","Rock Investment Bank | Licensed to kironjiemmanuel@gmail.com | Ref RIB-97887C189881 | 10/6/2026, 4:41:38 PM | Confidential - redistribution prohibited"
"22 Years","13.53","Rock Investment Bank | Licensed to kironjiemmanuel@gmail.com | Ref RIB-97887C189881 | 10/6/2026, 4:41:38 PM | Confidential - redistribution prohibited"
"23 Years","13.52","Rock Investment Bank | Licensed to kironjiemmanuel@gmail.com | Ref RIB-97887C189881 | 10/6/2026, 4:41:38 PM | Confidential - redistribution prohibited"
"24 Years","13.50","Rock Investment Bank | Licensed to kironjiemmanuel@gmail.com | Ref RIB-97887C189881 | 10/6/2026, 4:41:38 PM | Confidential - redistribution prohibited"
"25 Years","13.49","Rock Investment Bank | Licensed to kironjiemmanuel@gmail.com | Ref RIB-97887C189881 | 10/6/2026, 4:41:38 PM | Confidential - redistribution prohibited"
"26 Years","13.47","Rock Investment Bank | Licensed to kironjiemmanuel@gmail.com | Ref RIB-97887C189881 | 10/6/2026, 4:41:38 PM | Confidential - redistribution prohibited"
"27 Years","13.46","Rock Investment Bank | Licensed to kironjiemmanuel@gmail.com | Ref RIB-97887C189881 | 10/6/2026, 4:41:38 PM | Confidential - redistribution prohibited"
"28 Years","13.45","Rock Investment Bank | Licensed to kironjiemmanuel@gmail.com | Ref RIB-97887C189881 | 10/6/2026, 4:41:38 PM | Confidential - redistribution prohibited"
"29 Years","13.43","Rock Investment Bank | Licensed to kironjiemmanuel@gmail.com | Ref RIB-97887C189881 | 10/6/2026, 4:41:38 PM | Confidential - redistribution prohibited"
"30 Years","13.43","Rock Investment Bank | Licensed to kironjiemmanuel@gmail.com | Ref RIB-97887C189881 | 10/6/2026, 4:41:38 PM | Confidential - redistribution prohibited"